TOWN11CD,Town name,Educational attainment score,Income deprivation score
E34000007,Carlton in Lindrick BUA,-0.53,0.85
E34000016,Dorchester (West Dorset) BUA,1.95,0.91
E34000020,Ely BUA,-1.04,0.93
E34000026,Market Weighton BUA,-1.25,0.94
E34000027,Downham Market BUA,-1.17,0.88
E34000039,Penrith BUA,0.85,0.91
E34000048,Bolsover BUA,-3.72,0.84
E34000055,March BUA,-2.17,0.87
E34000056,Southam BUA,6.44,0.92
E34000067,Royston BUA,0.30,0.95
E34000068,Studley BUA,4.30,0.91
E34000086,Irthlingborough BUA,-4.00,0.90
E34000109,Freshwater BUA,-5.02,0.87
E34000115,Barnoldswick BUA,-1.27,0.90
E34000156,Wirksworth BUA,-1.26,0.91
E34000161,Dalton-in-Furness BUA,-0.72,0.90
E34000174,Bedlington BUA,-4.06,0.84
E34000175,Brigg BUA,0.74,0.88
E34000181,Widnes BUA,0.26,0.84
E34000182,Hethersett BUA,1.61,0.93
E34000184,Coningsby Airfield BUA,-3.96,0.89
E34000188,Amble BUA,-7.09,0.85
E34000193,Skelton (Redcar and Cleveland) BUA,1.38,0.82
E34000231,Seaford BUA,0.18,0.91
E34000234,Ryhill BUA,-3.81,0.81
E34000242,Budleigh Salterton BUA,1.42,0.93
E34000250,Great Dunmow BUA,-0.31,0.92
E34000271,Wideopen BUA,-0.96,0.90
E34000273,Frodsham BUA,4.00,0.92
E34000278,Rothwell BUA,-6.16,0.88
E34000290,Chard BUA,-4.27,0.87
E34000306,Hook (Hart) BUA,3.86,0.96
E34000310,Rainworth BUA,-0.24,0.87
E34000313,Beverley BUA,2.76,0.91
E34000327,Haverhill BUA,-2.56,0.90
E34000353,St Leonards BUA,6.61,0.95
E34000360,Upton (Wakefield) BUA,-0.51,0.86
E34000363,Wincanton BUA,-6.01,0.90
E34000387,Chinnor BUA,-0.16,0.96
E34000396,Thurcroft BUA,-6.37,0.78
E34000403,Exmouth BUA,-3.33,0.90
E34000409,Bolton-le-Sands BUA,6.36,0.95
E34000416,Crediton BUA,-1.81,0.89
E34000430,Henley-on-Thames BUA,3.36,0.94
E34000440,Snodland BUA,-1.97,0.88
E34000458,Meltham BUA,5.80,0.91
E34000469,Minehead BUA,-2.85,0.88
E34000473,Daventry BUA,-3.30,0.89
E34000482,Keyworth BUA,5.63,0.94
E34000490,Deal BUA,-3.14,0.88
E34000499,Hythe BUA,-1.99,0.91
E34000504,Ibstock BUA,-2.90,0.89
E34000508,Market Deeping BUA,3.51,0.93
E34000509,Horncastle BUA,3.42,0.87
E34000521,Glastonbury BUA,-0.55,0.84
E34000527,Witham BUA,-3.92,0.88
E34000550,Holmes Chapel BUA,6.66,0.95
E34000553,Whaley Bridge BUA,3.81,0.94
E34000567,Gerrards Cross BUA,9.96,0.96
E34000573,Ulverston BUA,0.19,0.91
E34000574,Chapeltown BUA,1.22,0.89
E34000589,Hornsea BUA,1.57,0.88
E34000591,Wem BUA,2.13,0.89
E34000597,Loughborough BUA,-1.85,0.90
E34000628,Maghull BUA,3.75,0.92
E34000633,Southport BUA,2.32,0.87
E34000645,Thornbury BUA,3.30,0.94
E34000656,Street BUA,1.19,0.90
E34000682,Bishop's Waltham BUA,-2.15,0.93
E34000692,Frome BUA,-2.83,0.88
E34000697,Bagshot BUA,1.75,0.94
E34000710,Ross-on-Wye BUA,-2.97,0.88
E34000712,Storrington BUA,4.61,0.94
E34000732,Alnwick BUA,-1.47,0.88
E34000741,Billinge BUA,3.53,0.92
E34000755,Hailsham BUA,-4.11,0.88
E34000762,Richmond BUA,4.58,0.92
E34000766,Cheddar BUA,3.81,0.92
E34000768,Oakley (Basingstoke and Deane) BUA,7.02,0.96
E34000776,Mablethorpe BUA,-2.94,0.75
E34000786,Lutterworth BUA,-0.07,0.93
E34000792,Sawston BUA,1.19,0.94
E34000796,Sidmouth BUA,1.24,0.93
E34000815,Epping BUA,3.11,0.91
E34000830,Torpoint BUA,-0.72,0.88
E34000839,Hilton (South Derbyshire) BUA,1.07,0.95
E34000843,Burghfield Common BUA,1.79,0.94
E34000850,Buckingham BUA,5.49,0.94
E34000852,Netley BUA,-2.94,0.92
E34000857,Brackley BUA,2.15,0.95
E34000867,Ivybridge BUA,2.84,0.93
E34000879,Marske-by-the-Sea BUA,1.13,0.89
E34000884,Denmead BUA,2.29,0.93
E34000885,Paddock Wood BUA,-0.32,0.92
E34000891,Garforth BUA,4.64,0.94
E34000922,Northallerton BUA,-1.44,0.91
E34000926,Tenterden BUA,-0.36,0.92
E34000935,Market Warsop BUA,-2.48,0.82
E34000969,Tadcaster BUA,1.59,0.93
E34000970,Long Ashton BUA,1.13,0.95
E34000980,Hayle BUA,-0.83,0.84
E34000991,Conisbrough BUA,-6.04,0.79
E34000994,Nantwich BUA,2.98,0.92
E34001024,Market Drayton BUA,-5.45,0.88
E34001039,Portishead BUA,3.95,0.95
E34001050,Crofton BUA,1.82,0.91
E34001052,Wotton-under-Edge BUA,2.54,0.93
E34001064,Marple BUA,5.87,0.93
E34001066,Southwell BUA,8.27,0.95
E34001067,Dawlish BUA,-4.04,0.88
E34001068,Dronfield BUA,4.98,0.94
E34001070,Wootton Bassett BUA,1.31,0.91
E34001073,Hawkinge BUA,0.09,0.90
E34001102,Peasedown St John BUA,-2.35,0.91
E34001108,New Waltham BUA,2.20,0.94
E34001117,Dinnington (Rotherham) BUA,-0.78,0.86
E34001119,Stansted Mountfitchet BUA,0.87,0.94
E34001126,Balsall Common BUA,7.66,0.95
E34001129,Bayston Hill BUA,4.10,0.94
E34001202,Faringdon BUA,1.29,0.91
E34001214,Weaverham BUA,-0.39,0.88
E34001232,Ilminster BUA,-2.59,0.90
E34001233,Ferryhill BUA,-3.05,0.75
E34001247,Raunds BUA,-3.53,0.92
E34001263,Halstead BUA,-4.03,0.89
E34001267,Newport (Isle of Wight) BUA,-4.98,0.85
E34001322,Ponteland BUA,5.06,0.96
E34001339,Measham BUA,-3.34,0.91
E34001373,Oakham BUA,2.04,0.93
E34001392,Brotton BUA,0.05,0.83
E34001398,Okehampton BUA,-1.36,0.88
E34001401,Great Wakering BUA,-0.37,0.91
E34001416,Clitheroe BUA,3.29,0.92
E34001422,Helsby BUA,8.52,0.94
E34001430,Petersfield BUA,2.74,0.94
E34001434,Louth BUA,-4.09,0.84
E34001445,Ashington (Northumberland) BUA,-4.71,0.80
E34001461,Newmarket BUA,-3.13,0.92
E34001475,Culcheth BUA,5.98,0.94
E34001481,Heswall BUA,6.67,0.93
E34001491,Sheerness BUA,-9.79,0.67
E34001493,Driffield BUA,0.01,0.91
E34001504,Retford BUA,-2.51,0.87
E34001518,Radcliffe on Trent BUA,4.55,0.94
E34001520,Ruskington BUA,4.08,0.89
E34001537,Wigton BUA,0.04,0.89
E34001545,Leominster BUA,-5.34,0.83
E34001604,Bodmin BUA,-2.33,0.82
E34001609,Caister-on-Sea BUA,-1.18,0.87
E34001645,Devizes BUA,-3.33,0.90
E34001686,Cotgrave BUA,-0.06,0.91
E34001696,Wingate BUA,-0.54,0.84
E34001704,Elland BUA,0.27,0.87
E34001711,Bishop's Stortford BUA,6.42,0.95
E34001715,Kenilworth BUA,7.80,0.95
E34001733,Hungerford BUA,0.08,0.91
E34001739,Countesthorpe BUA,6.56,0.95
E34001750,Easington (County Durham) BUA,-2.06,0.81
E34001759,New Romney BUA,-4.69,0.88
E34001766,Highworth BUA,1.72,0.93
E34001807,Washingborough BUA,1.23,0.94
E34001850,South Ockendon BUA,-3.33,0.83
E34001881,Chipping Norton BUA,0.65,0.92
E34001895,West Chiltington Common BUA,2.96,0.94
E34001896,New Rossington BUA,-4.46,0.83
E34001940,Brightlingsea BUA,-0.12,0.90
E34001958,Stanford-le-Hope BUA,-1.52,0.91
E34001962,Yeovil BUA,-2.57,0.89
E34001966,North Baddesley BUA,2.19,0.92
E34001982,Amesbury BUA,-2.41,0.92
E34001993,Crook BUA,-0.98,0.79
E34002010,Shipston-on-Stour BUA,1.47,0.92
E34002041,Maldon BUA,-0.33,0.90
E34002053,Sudbury BUA,-5.08,0.89
E34002054,Brandon (County Durham) BUA,0.54,0.85
E34002061,Ormskirk BUA,6.23,0.93
E34002074,Blyth (Northumberland) BUA,-6.36,0.80
E34002085,Holbeach BUA,-1.75,0.88
E34002105,East Horsley BUA,10.77,0.97
E34002125,Burwell BUA,4.40,0.94
E34002141,Darlington BUA,-0.80,0.83
E34002160,Axminster BUA,-2.66,0.89
E34002161,Looe BUA,-0.04,0.87
E34002164,Southwater BUA,4.61,0.96
E34002172,Cranfield BUA,2.88,0.97
E34002176,Norton Canes BUA,-6.21,0.87
E34002180,Newquay BUA,-0.42,0.85
E34002182,Hemsworth BUA,-6.65,0.81
E34002191,Lightwater BUA,6.77,0.97
E34002199,Bewdley BUA,2.18,0.91
E34002202,Sawtry BUA,1.46,0.93
E34002212,Millom BUA,-6.92,0.84
E34002254,Thirsk BUA,-1.76,0.91
E34002257,Huntingdon BUA,-4.35,0.89
E34002285,Shirebrook BUA,-4.06,0.82
E34002367,Sherborne BUA,-4.05,0.90
E34002384,Silsden BUA,3.18,0.94
E34002432,Willington (County Durham) BUA,-1.47,0.76
E34002433,South Molton BUA,-6.71,0.88
E34002446,Honiton BUA,-2.81,0.90
E34002470,Chippenham (Wiltshire) BUA,1.02,0.92
E34002474,Gillingham (North Dorset) BUA,1.32,0.92
E34002475,Redbourn BUA,7.17,0.94
E34002505,West Mersea BUA,0.70,0.93
E34002511,Tring BUA,5.65,0.94
E34002512,Guisborough BUA,0.60,0.89
E34002528,Olney BUA,10.75,0.95
E34002529,New Alresford BUA,2.59,0.95
E34002540,Marchwood BUA,2.02,0.94
E34002554,Rugeley BUA,-3.75,0.88
E34002562,Saffron Walden BUA,3.95,0.94
E34002605,Knutsford BUA,3.73,0.92
E34002608,Shepley BUA,3.28,0.96
E34002609,Biggleswade BUA,-1.06,0.92
E34002624,Ripon BUA,2.46,0.92
E34002637,Selsey BUA,-4.47,0.89
E34002653,Ilfracombe BUA,0.56,0.83
E34002678,Saltburn-by-the-Sea BUA,-0.40,0.86
E34002686,Ventnor BUA,-3.15,0.82
E34002689,Newton Aycliffe BUA,-1.48,0.83
E34002694,Newbiggin-by-the-Sea BUA,-9.62,0.75
E34002712,Filey BUA,-2.14,0.85
E34002717,Hoo St Werburgh BUA,-4.42,0.89
E34002727,Arlesey BUA,-2.73,0.92
E34002729,South Woodham Ferrers BUA,2.15,0.94
E34002730,Earls Barton BUA,1.71,0.93
E34002733,Lichfield BUA,2.17,0.91
E34002746,Calverton BUA,1.82,0.91
E34002766,Blackfield BUA,-3.87,0.89
E34002796,Yaxley BUA,-0.38,0.91
E34002801,Lymm BUA,8.13,0.95
E34002816,Dereham BUA,-4.17,0.89
E34002820,Shrewsbury BUA,0.57,0.89
E34002826,Witley BUA,3.08,0.93
E34002854,Newport (Telford and Wrekin) BUA,3.79,0.92
E34002872,Beaconsfield BUA,8.28,0.96
E34002877,Croesowallt BUA,-2.61,0.88
E34002878,Chapel-en-le-Frith BUA,2.55,0.92
E34002906,Longridge BUA,2.04,0.94
E34002917,Verwood BUA,0.65,0.95
E34002927,Whitchurch (Shropshire) BUA,-1.70,0.88
E34002963,Tidworth BUA,-6.79,0.95
E34002971,Bracebridge Heath BUA,7.12,0.93
E34002993,Barton-upon-Humber BUA,-1.36,0.86
E34003008,Aylsham BUA,-2.46,0.91
E34003021,Poringland BUA,-0.30,0.94
E34003024,Manningtree BUA,-0.63,0.92
E34003029,Keynsham BUA,2.40,0.91
E34003071,Sleaford BUA,0.01,0.90
E34003078,Barrow-in-Furness BUA,-4.45,0.81
E34003082,Wellesbourne BUA,4.89,0.94
E34003098,Clowne BUA,1.13,0.88
E34003102,Chatteris BUA,-1.87,0.88
E34003104,Brixham BUA,-4.39,0.84
E34003109,Murton (County Durham) BUA,-2.61,0.82
E34003112,Tiverton BUA,-3.83,0.88
E34003124,Hurstpierpoint BUA,2.08,0.95
E34003129,South Hayling BUA,-2.25,0.90
E34003154,Egremont BUA,-0.11,0.85
E34003165,Swaffham BUA,-3.05,0.85
E34003168,Ledbury BUA,-2.60,0.91
E34003174,Skipton BUA,0.24,0.90
E34003178,Bradford on Avon BUA,1.13,0.92
E34003196,Oundle BUA,1.00,0.95
E34003205,Sherburn in Elmet BUA,-1.05,0.93
E34003206,Ludlow BUA,-3.74,0.88
E34003218,Bingham BUA,5.92,0.93
E34003222,Lewes BUA,4.12,0.91
E34003241,Benson BUA,5.52,0.97
E34003243,Liphook BUA,3.98,0.94
E34003244,Haxby BUA,4.05,0.96
E34003253,Shaftesbury BUA,0.22,0.91
E34003258,Bungay BUA,-4.91,0.89
E34003294,Calne BUA,-0.53,0.89
E34003297,King's Hill BUA,5.53,0.96
E34003299,Cobham (Elmbridge) BUA,-0.22,0.96
E34003308,Beccles BUA,-1.11,0.88
E34003332,Tiptree BUA,-0.49,0.93
E34003343,Peacehaven BUA,-2.22,0.87
E34003347,Tetbury BUA,-1.16,0.92
E34003354,Leighton Buzzard BUA,-0.61,0.93
E34003376,Broughton Astley BUA,2.74,0.96
E34003389,Whittlesey BUA,-2.74,0.89
E34003397,Brandon (Forest Heath) BUA,-4.62,0.89
E34003412,Cottenham BUA,2.26,0.92
E34003418,Bourne BUA,3.67,0.92
E34003424,Staplehurst BUA,1.54,0.93
E34003425,Cheadle BUA,0.96,0.90
E34003440,Brixworth BUA,4.24,0.95
E34003456,Chipping Ongar BUA,-0.06,0.91
E34003462,Fleetwood BUA,-3.18,0.77
E34003463,Shildon BUA,-3.88,0.73
E34003490,Hemsby BUA,-0.95,0.87
E34003491,Ashby-de-la-Zouch BUA,4.83,0.92
E34003494,Wadebridge BUA,-0.73,0.90
E34003511,Harpenden BUA,11.03,0.96
E34003514,Halesworth BUA,-5.33,0.88
E34003517,Attleborough BUA,-3.01,0.92
E34003525,Fleet BUA,6.54,0.96
E34003541,Ramsey (Huntingdonshire) BUA,-0.69,0.91
E34003553,Wantage BUA,1.21,0.94
E34003561,East Leake BUA,4.37,0.94
E34003562,Askern BUA,-5.13,0.81
E34003565,Long Sutton (South Holland) BUA,-2.66,0.89
E34003566,Battle BUA,3.51,0.92
E34003574,New Ollerton BUA,-9.39,0.83
E34003596,Uttoxeter BUA,-0.67,0.92
E34003597,Bircotes BUA,-5.14,0.83
E34003606,North Walsham BUA,-5.85,0.87
E34003628,Seaton (East Devon) BUA,1.77,0.91
E34003657,Stotfold BUA,0.67,0.94
E34003678,Shepshed BUA,-4.19,0.92
E34003679,Clacton-on-Sea BUA,-4.44,0.78
E34003687,Whitby BUA,0.23,0.86
E34003707,Ashbourne BUA,1.92,0.93
E34003710,Cheltenham BUA,2.14,0.91
E34003723,Congleton BUA,2.58,0.91
E34003741,Rishton BUA,-4.13,0.86
E34003742,Todmorden BUA,-0.61,0.85
E34003743,Stocksbridge BUA,-0.02,0.89
E34003749,Shifnal BUA,3.08,0.91
E34003750,Twyford (Wokingham) BUA,4.10,0.96
E34003756,Spennymoor BUA,-2.62,0.83
E34003761,Stubbington BUA,4.06,0.95
E34003769,Alton (East Hampshire) BUA,1.07,0.93
E34003774,Radlett BUA,7.95,0.96
E34003793,Withernsea BUA,-7.57,0.76
E34003804,Neston BUA,2.28,0.92
E34003809,Middlewich BUA,3.23,0.92
E34003851,Edenbridge BUA,-2.83,0.90
E34003862,Maryport BUA,-6.38,0.80
E34003864,Wymondham (South Norfolk) BUA,4.51,0.92
E34003866,Creswell BUA,-6.49,0.80
E34003892,Saltash BUA,2.22,0.90
E34003904,Potters Bar BUA,3.32,0.92
E34003922,Pembury BUA,2.89,0.94
E34003928,Clevedon BUA,2.67,0.93
E34003940,Anstey BUA,0.78,0.92
E34003989,Great Torrington BUA,-5.66,0.88
E34004012,Wroughton BUA,0.49,0.91
E34004090,Tavistock BUA,0.70,0.91
E34004099,Codsall BUA,2.83,0.91
E34004122,Cockermouth BUA,2.47,0.92
E34004125,Blandford Forum BUA,-3.71,0.90
E34004134,Sittingbourne BUA,-1.83,0.87
E34004138,Buxton (High Peak) BUA,0.16,0.90
E34004141,Newhaven BUA,-5.59,0.84
E34004142,Hadleigh BUA,-0.95,0.92
E34004143,Thetford BUA,-6.09,0.88
E34004149,Billingshurst BUA,0.50,0.94
E34004151,Annfield Plain BUA,-1.93,0.79
E34004153,Emsworth BUA,0.57,0.92
E34004154,Bognor Regis BUA,-3.94,0.89
E34004155,Tarleton BUA,4.36,0.93
E34004157,Westbury (Wiltshire) BUA,-0.85,0.90
E34004162,Strensall BUA,5.57,0.96
E34004169,Liss BUA,4.05,0.94
E34004170,Towcester BUA,4.53,0.94
E34004175,Totnes BUA,0.50,0.86
E34004181,Hinckley BUA,0.56,0.92
E34004185,Yarm BUA,5.84,0.94
E34004187,Princes Risborough BUA,5.24,0.94
E34004190,Seaham BUA,0.14,0.82
E34004191,Hexham BUA,0.82,0.91
E34004192,Scunthorpe BUA,-3.79,0.84
E34004193,Belper BUA,0.52,0.93
E34004196,Littleport BUA,-3.80,0.90
E34004197,Freckleton BUA,1.14,0.91
E34004204,Berwick-upon-Tweed BUA,-3.25,0.87
E34004210,Stratford-upon-Avon BUA,3.15,0.93
E34004213,Wombourne BUA,2.21,0.92
E34004217,Burgess Hill BUA,0.96,0.94
E34004218,Spalding BUA,-0.52,0.91
E34004222,Ampthill BUA,1.74,0.95
E34004224,Barnard Castle BUA,6.60,0.90
E34004225,Matlock BUA,2.78,0.91
E34004228,Aveley BUA,-4.09,0.86
E34004229,Morpeth BUA,5.51,0.92
E34004233,Fakenham BUA,-1.99,0.89
E34004240,Lydney BUA,-1.99,0.86
E34004242,Cleator Moor BUA,-7.18,0.83
E34004246,Brentwood BUA,4.50,0.93
E34004251,Warrington BUA,1.61,0.88
E34004252,Coleshill (North Warwickshire) BUA,2.20,0.93
E34004256,Winsford (Cheshire West and Chester) BUA,-4.58,0.84
E34004262,Kirkby BUA,-4.62,0.70
E34004263,Alcester BUA,-1.78,0.91
E34004266,Desborough BUA,-1.57,0.92
E34004267,Biddulph BUA,-0.76,0.90
E34004270,Featherstone (Wakefield) BUA,-0.82,0.81
E34004274,Witney BUA,-0.06,0.93
E34004277,Liskeard BUA,-3.69,0.81
E34004278,Faversham BUA,-1.89,0.88
E34004281,Market Harborough BUA,0.37,0.94
E34004282,Swanage BUA,-0.39,0.91
E34004292,Evesham BUA,-2.76,0.90
E34004293,Canvey Island BUA,-2.99,0.85
E34004294,Great Malvern BUA,-1.03,0.89
E34004302,Cambourne BUA,3.39,0.93
E34004306,Salisbury BUA,-0.34,0.91
E34004315,Lowestoft BUA,-5.88,0.83
E34004321,Crewkerne BUA,1.73,0.90
E34004322,Ilkley BUA,8.19,0.96
E34004327,Skegness BUA,-3.18,0.75
E34004328,Malmesbury BUA,3.19,0.94
E34004329,Danbury BUA,7.91,0.94
E34004334,Hereford BUA,-4.15,0.89
E34004335,Formby BUA,8.04,0.94
E34004336,Sandbach BUA,3.26,0.93
E34004337,Edwinstowe BUA,-1.20,0.92
E34004338,St Ives (Cornwall) BUA,-1.01,0.87
E34004340,Pocklington BUA,-0.25,0.94
E34004343,Melton Mowbray BUA,1.12,0.92
E34004346,Catterick Garrison BUA,-4.76,0.96
E34004349,Tonbridge BUA,1.11,0.92
E34004354,Ravenshead BUA,9.53,0.97
E34004358,Castle Donington BUA,-2.93,0.93
E34004367,Penkridge BUA,0.51,0.92
E34004383,Boston BUA,-3.29,0.88
E34004388,Crowborough BUA,2.09,0.94
E34004389,King's Lynn BUA,-4.51,0.85
E34004392,Haywards Heath BUA,3.10,0.95
E34004393,Bridgwater BUA,-4.51,0.84
E34004397,Gainsborough BUA,-4.92,0.76
E34004398,Dover BUA,-5.03,0.83
E34004399,Maidstone BUA,0.58,0.90
E34004403,Bath BUA,1.30,0.92
E34004408,Scarborough BUA,-1.69,0.83
E34004409,Oxted BUA,3.30,0.95
E34004415,Shepton Mallet BUA,-1.50,0.90
E34004421,Stone (Stafford) BUA,3.62,0.93
E34004422,Godmanchester BUA,3.66,0.94
E34004426,Polesworth BUA,-0.26,0.90
E34004435,Otford BUA,4.17,0.95
E34004441,Kingsbridge BUA,3.85,0.89
E34004442,Tewkesbury BUA,-1.29,0.91
E34004453,Bulford Camp BUA,-4.69,0.95
E34004458,West Clandon BUA,6.98,0.96
E34004462,Prestwood BUA,7.23,0.96
E34004471,Barnstaple BUA,-2.52,0.87
E34004474,Preesall BUA,2.64,0.87
E34004479,Melksham BUA,-2.21,0.90
E34004483,Warminster BUA,-0.14,0.91
E34004484,Bridport BUA,1.62,0.89
E34004485,Thame BUA,1.58,0.95
E34004487,Durham BUA,5.29,0.93
E34004546,Rowlands Gill BUA,0.21,0.87
E35000002,Redcar BUASD,-2.09,0.82
E35000003,Kidderminster BUASD,-3.14,0.86
E35000004,Chadderton BUASD,0.67,0.84
E35000006,Longbenton BUASD,-0.20,0.87
E35000012,Watford BUASD,2.76,0.91
E35000013,Stevenage BUASD,-2.03,0.88
E35000015,Ramsbottom BUASD,6.08,0.93
E35000021,Holmfirth BUASD,4.72,0.93
E35000027,Chalford BUASD,4.54,0.96
E35000032,Church BUASD,-3.78,0.69
E35000033,Bentley BUASD,-1.39,0.85
E35000035,Wednesbury BUASD,-2.58,0.79
E35000036,Bursledon BUASD,-6.40,0.90
E35000037,Hyde (Tameside) BUASD,0.00,0.83
E35000042,Clayton-le-Moors BUASD,0.35,0.85
E35000043,Birstall BUASD,1.42,0.94
E35000044,Urmston BUASD,3.27,0.92
E35000050,Poynton BUASD,6.31,0.95
E35000051,York BUASD,0.52,0.92
E35000052,Hindley BUASD,-1.22,0.86
E35000056,Duffield BUASD,9.28,0.96
E35000057,Innsworth BUASD,0.54,0.93
E35000064,Uppermill BUASD,7.64,0.95
E35000067,Seaton Delaval BUASD,-0.93,0.87
E35000069,Sedgley BUASD,0.58,0.87
E35000070,Sandy BUASD,-2.44,0.90
E35000071,Launceston BUASD,-1.71,0.88
E35000072,Brinsley BUASD,0.96,0.91
E35000079,Gorleston-on-Sea BUASD,-5.40,0.80
E35000083,North Ascot BUASD,8.21,0.97
E35000084,Walton-on-the-Naze BUASD,-1.65,0.84
E35000088,Borrowash BUASD,0.14,0.92
E35000092,Dunscroft BUASD,-2.20,0.86
E35000101,Fence Houses BUASD,-2.36,0.85
E35000104,Ware BUASD,3.26,0.93
E35000106,Northam BUASD,0.01,0.87
E35000108,Farnborough BUASD,-2.06,0.91
E35000114,Baldock BUASD,2.22,0.92
E35000115,Letchworth Garden City BUASD,0.27,0.88
E35000120,Chorley BUASD,-0.06,0.85
E35000121,Guiseley BUASD,4.22,0.95
E35000125,Maidenhead BUASD,4.59,0.94
E35000131,Basingstoke BUASD,-2.08,0.92
E35000135,Swanley BUASD,-2.55,0.86
E35000136,Horwich BUASD,1.49,0.88
E35000137,Thornton (Wyre) BUASD,4.33,0.90
E35000138,Ruddington BUASD,2.96,0.93
E35000141,Chorleywood BUASD,9.44,0.97
E35000142,Shevington Vale BUASD,9.48,0.95
E35000146,Hedon BUASD,-0.65,0.91
E35000148,Worthing BUASD,-1.57,0.90
E35000153,Saltdean BUASD,0.30,0.93
E35000157,Romiley BUASD,-1.36,0.82
E35000158,Clifton (City of Nottingham) BUASD,-5.91,0.81
E35000159,South Elmsall BUASD,-1.01,0.83
E35000166,Ashton-in-Makerfield BUASD,3.10,0.88
E35000170,Prescot BUASD,1.68,0.83
E35000173,Sale BUASD,-0.64,0.82
E35000175,South Kirkby BUASD,-4.21,0.80
E35000181,Eccles BUASD,-2.78,0.80
E35000183,Cottingham BUASD,-0.14,0.93
E35000191,Dewsbury BUASD,-2.12,0.80
E35000193,Syston BUASD,1.30,0.91
E35000194,Morley BUASD,2.58,0.89
E35000198,Gillingham BUASD,-0.34,0.88
E35000202,Pelton BUASD,-1.58,0.82
E35000203,Rothwell BUASD,-0.99,0.89
E35000207,Aldershot BUASD,-1.66,0.89
E35000218,Dunstable BUASD,-1.09,0.89
E35000219,Trimley St Mary BUASD,-2.16,0.93
E35000220,Braunton BUASD,-1.21,0.93
E35000224,Hazel Grove BUASD,3.84,0.93
E35000225,Northfleet BUASD,-1.81,0.85
E35000229,New Milton BUASD,-1.43,0.90
E35000230,Heckmondwike BUASD,-2.18,0.84
E35000236,Ashtead BUASD,8.06,0.96
E35000243,Altrincham BUASD,6.06,0.93
E35000246,Hullbridge BUASD,0.88,0.93
E35000247,Bilston BUASD,-3.97,0.73
E35000248,Woodbridge BUASD,3.16,0.92
E35000251,Winchester BUASD,4.07,0.93
E35000252,Histon BUASD,6.78,0.96
E35000254,Denton BUASD,0.28,0.85
E35000255,Plymstock BUASD,2.88,0.93
E35000257,Irlam BUASD,-3.24,0.85
E35000258,Bedworth BUASD,-2.76,0.86
E35000262,Whickham BUASD,6.03,0.91
E35000267,Kirkby-in-Ashfield BUASD,-3.97,0.84
E35000268,Yatton BUASD,1.76,0.93
E35000277,Middleton (Rochdale) BUASD,-1.58,0.81
E35000278,Swinton BUASD,1.74,0.87
E35000279,Sandhurst BUASD,2.40,0.95
E35000280,St Austell BUASD,-0.63,0.86
E35000281,Swallownest BUASD,2.73,0.88
E35000284,Dudley (Dudley) BUASD,-3.21,0.76
E35000289,Great Harwood BUASD,-0.30,0.86
E35000294,Groby BUASD,5.52,0.96
E35000295,Knottingley BUASD,-5.20,0.81
E35000297,Cullompton BUASD,-3.05,0.91
E35000298,Wednesfield BUASD,-0.17,0.81
E35000300,Waterbeach BUASD,-0.40,0.95
E35000312,Ince-in-Makerfield BUASD,-4.37,0.77
E35000316,Salford BUASD,-2.49,0.79
E35000317,Halifax BUASD,-0.71,0.80
E35000322,Crowthorne BUASD,8.02,0.95
E35000326,Bromsgrove BUASD,-0.02,0.91
E35000334,St Blazey BUASD,-2.26,0.86
E35000338,Gatley BUASD,5.79,0.92
E35000339,Bloxwich BUASD,-6.35,0.72
E35000343,Pickering BUASD,5.07,0.90
E35000347,Woburn Sands BUASD,3.96,0.96
E35000348,Heathfield BUASD,1.54,0.94
E35000354,Euxton BUASD,6.90,0.94
E35000355,Weston BUASD,-2.82,0.87
E35000357,Kingswinford BUASD,2.38,0.89
E35000358,Uckfield BUASD,3.93,0.94
E35000359,Wells BUASD,-1.36,0.90
E35000360,Hetton-le-Hole BUASD,-0.57,0.78
E35000362,Trowbridge BUASD,-1.98,0.89
E35000363,Redhill BUASD,-0.50,0.92
E35000364,Addlestone BUASD,2.41,0.92
E35000368,Haydock BUASD,-0.14,0.85
E35000378,Coleford BUASD,-6.36,0.85
E35000380,Smethwick BUASD,-1.85,0.75
E35000381,Sutton in Ashfield BUASD,-3.76,0.83
E35000382,Kidlington BUASD,-1.34,0.94
E35000386,Chigwell BUASD,2.11,0.92
E35000387,Ossett BUASD,4.08,0.90
E35000388,Mansfield Woodhouse BUASD,-2.19,0.85
E35000390,Southend-on-Sea BUASD,-1.01,0.86
E35000397,Brierley Hill BUASD,-3.30,0.83
E35000398,Wallasey BUASD,-1.25,0.79
E35000402,Harwich BUASD,-2.80,0.83
E35000403,Barrow upon Soar BUASD,0.17,0.94
E35000404,Kendal BUASD,1.89,0.92
E35000405,South Shields BUASD,-2.00,0.78
E35000414,Corsham BUASD,1.63,0.91
E35000417,Mirfield BUASD,4.46,0.91
E35000418,Coppull BUASD,-1.79,0.88
E35000419,Norwich BUASD,-4.02,0.86
E35000422,Higham Ferrers BUASD,-4.17,0.93
E35000424,Norton-on-Derwent BUASD,-1.47,0.90
E35000427,Stourbridge BUASD,3.18,0.88
E35000429,Westhoughton BUASD,0.94,0.89
E35000431,Felixstowe BUASD,-3.01,0.89
E35000436,Yate BUASD,-2.47,0.93
E35000438,Goldthorpe BUASD,-9.29,0.73
E35000439,Whitehaven BUASD,-3.63,0.85
E35000440,Baildon BUASD,2.70,0.92
E35000441,Shefford BUASD,2.11,0.93
E35000442,Lees BUASD,2.97,0.90
E35000444,Steyning BUASD,8.08,0.94
E35000450,Nuneaton BUASD,-2.02,0.86
E35000453,Wisbech BUASD,-4.61,0.83
E35000455,Chatham BUASD,-2.36,0.84
E35000458,Dukinfield BUASD,-1.58,0.83
E35000462,Falmouth BUASD,-0.51,0.88
E35000465,How Wood BUASD,6.68,0.95
E35000467,Farnworth BUASD,-3.54,0.74
E35000470,Sawbridgeworth BUASD,4.16,0.95
E35000473,Whitstable BUASD,-0.66,0.91
E35000475,Cleckheaton BUASD,-0.24,0.88
E35000476,Halesowen BUASD,2.06,0.88
E35000477,Nailsea BUASD,0.73,0.95
E35000481,Ashford (Spelthorne) BUASD,0.74,0.94
E35000483,Sutton Coldfield BUASD,6.37,0.93
E35000485,Northwood BUASD,11.87,0.98
E35000487,Narborough/Enderby BUASD,0.93,0.93
E35000490,Great Notley BUASD,2.52,0.95
E35000491,North Wingfield BUASD,-4.74,0.82
E35000498,Burnley BUASD,-4.68,0.79
E35000499,Soham BUASD,-3.60,0.93
E35000502,Hatfield BUASD,-1.34,0.91
E35000507,Burnham-on-Sea BUASD,-0.03,0.87
E35000508,Ingatestone BUASD,3.33,0.94
E35000510,Bingley BUASD,3.95,0.91
E35000513,Blackwater BUASD,0.92,0.95
E35000514,Crosby BUASD,2.58,0.85
E35000516,Sandown BUASD,-6.16,0.83
E35000523,Hessle BUASD,-0.54,0.91
E35000528,Bishop Auckland BUASD,-2.21,0.80
E35000529,Immingham BUASD,-6.95,0.81
E35000538,Bootle BUASD,-3.84,0.70
E35000549,Brough BUASD,5.57,0.96
E35000550,Ouston BUASD,3.53,0.93
E35000551,Polegate BUASD,-0.43,0.89
E35000553,Haworth BUASD,3.39,0.91
E35000562,Great Wyrley BUASD,-1.31,0.90
E35000563,Thrapston BUASD,3.21,0.95
E35000565,Broadstairs BUASD,-0.03,0.89
E35000567,Banstead BUASD,8.09,0.96
E35000569,Cheadle BUASD,-0.21,0.89
E35000570,Waltham BUASD,3.69,0.93
E35000572,Rawtenstall BUASD,0.17,0.87
E35000573,Houghton Regis BUASD,-6.48,0.85
E35000574,Rowley Regis BUASD,-1.31,0.81
E35000575,Workington BUASD,-4.87,0.82
E35000580,Billingham BUASD,-0.26,0.85
E35000582,Hebburn BUASD,1.35,0.80
E35000583,Midsomer Norton BUASD,-0.18,0.93
E35000588,Aldridge BUASD,1.70,0.88
E35000589,Kimberley BUASD,0.57,0.90
E35000590,Macclesfield BUASD,1.92,0.91
E35000591,Windsor BUASD,0.97,0.94
E35000595,Walkden BUASD,1.97,0.89
E35000597,Darlaston BUASD,-5.13,0.73
E35000601,Whitburn BUASD,-3.08,0.86
E35000603,Burton Latimer BUASD,-2.45,0.90
E35000605,Hucknall BUASD,-3.17,0.86
E35000608,Oldbury (Sandwell) BUASD,-1.60,0.79
E35000610,Dodworth BUASD,2.16,0.89
E35000618,Stalybridge BUASD,-0.49,0.84
E35000619,Stapleford BUASD,-1.95,0.89
E35000621,Moorends BUASD,-3.77,0.77
E35000624,Bury St Edmunds BUASD,-0.17,0.92
E35000629,Romsey BUASD,2.65,0.93
E35000631,Caterham BUASD,0.55,0.93
E35000633,Thatcham BUASD,-0.08,0.93
E35000634,Sheringham BUASD,2.82,0.91
E35000635,Carterton BUASD,-2.29,0.95
E35000639,Eastbourne BUASD,-2.28,0.87
E35000640,Darwen BUASD,-0.76,0.82
E35000644,Horbury BUASD,3.17,0.91
E35000648,Braintree BUASD,-4.08,0.89
E35000652,Carlton (Gedling) BUASD,1.12,0.88
E35000657,Wallingford BUASD,-0.85,0.92
E35000660,Horsham BUASD,5.40,0.94
E35000666,Bacup BUASD,-5.90,0.78
E35000668,Tyldesley BUASD,3.19,0.90
E35000669,Castleford BUASD,-2.17,0.83
E35000672,Woodingdean BUASD,-0.69,0.87
E35000674,Heywood BUASD,-3.37,0.81
E35000676,Bramhall BUASD,5.47,0.95
E35000681,Hartley (Sevenoaks) BUASD,3.95,0.94
E35000682,Thurnscoe BUASD,-10.03,0.74
E35000684,Radstock BUASD,-5.93,0.89
E35000688,Crawley BUASD,-3.83,0.89
E35000689,Worsbrough BUASD,-6.86,0.76
E35000690,Littlehampton BUASD,-3.41,0.89
E35000692,Goole BUASD,-4.75,0.86
E35000697,Mexborough BUASD,-7.69,0.77
E35000699,East Wittering BUASD,0.40,0.90
E35000700,Chichester BUASD,2.12,0.90
E35000703,Sturry BUASD,-0.78,0.90
E35000707,Cromer BUASD,-1.49,0.86
E35000708,Ewell BUASD,3.83,0.94
E35000715,Throckley BUASD,-4.10,0.79
E35000718,Penryn BUASD,-1.28,0.87
E35000719,Borehamwood BUASD,-0.13,0.88
E35000726,Royton BUASD,2.93,0.90
E35000727,Kibworth Harcourt BUASD,2.68,0.94
E35000728,Thornton (Bradford) BUASD,-4.22,0.86
E35000731,Shipley BUASD,0.25,0.85
E35000734,Droylsden BUASD,-1.05,0.83
E35000735,Thorne BUASD,-3.31,0.82
E35000745,Banbury BUASD,-3.29,0.89
E35000753,Sevenoaks BUASD,7.20,0.95
E35000754,Bollington BUASD,4.42,0.94
E35000756,Shevington BUASD,6.11,0.92
E35000757,Blackburn BUASD,0.33,0.78
E35000760,Kempston BUASD,-3.70,0.88
E35000761,Cirencester BUASD,0.65,0.92
E35000768,Whetstone BUASD,0.64,0.93
E35000772,Brighouse BUASD,2.57,0.89
E35000775,Nelson (Pendle) BUASD,-4.90,0.75
E35000776,Whitefield BUASD,0.31,0.85
E35000778,Truro BUASD,-0.47,0.88
E35000779,Arnold BUASD,1.49,0.89
E35000780,Stamford BUASD,0.89,0.92
E35000781,Broseley BUASD,-1.88,0.89
E35000785,Taunton BUASD,-1.39,0.89
E35000787,Ashton-under-Lyne BUASD,-1.53,0.78
E35000789,Eckington BUASD,-2.72,0.88
E35000793,New Mills BUASD,0.89,0.92
E35000797,Oaklands BUASD,7.63,0.95
E35000801,Poole BUASD,-0.60,0.90
E35000803,Windermere BUASD,0.88,0.93
E35000804,Ackworth Moor Top BUASD,0.27,0.93
E35000811,Rushden BUASD,-3.41,0.90
E35000813,Alsager BUASD,5.50,0.92
E35000814,Oswaldtwistle BUASD,0.67,0.86
E35000817,Horndean BUASD,-1.20,0.92
E35000829,Southwick BUASD,-4.38,0.88
E35000831,Dartmouth BUASD,-4.78,0.89
E35000833,Coseley BUASD,-3.41,0.83
E35000835,Christchurch BUASD,0.50,0.91
E35000841,Birkenhead BUASD,-1.24,0.77
E35000842,Fulwood BUASD,4.85,0.91
E35000843,Great Yarmouth BUASD,-7.57,0.76
E35000848,Ingleby Barwick BUASD,5.68,0.96
E35000850,Breaston BUASD,1.93,0.93
E35000853,North Hykeham BUASD,0.61,0.92
E35000869,Wivenhoe BUASD,5.47,0.94
E35000872,Didcot BUASD,-0.64,0.93
E35000874,Chadwell St Mary BUASD,-4.97,0.82
E35000876,Waltham Cross BUASD,-2.48,0.84
E35000877,Eastwood BUASD,-3.60,0.87
E35000879,Bordon BUASD,-3.57,0.92
E35000880,Camborne BUASD,-4.45,0.78
E35000882,Blackheath BUASD,-5.35,0.76
E35000883,Taverham BUASD,0.48,0.94
E35000885,Little Lever BUASD,1.90,0.90
E35000888,Atherton BUASD,-2.00,0.82
E35000892,St Ives BUASD,-0.30,0.93
E35000897,Marlborough BUASD,1.00,0.94
E35000899,Hertford BUASD,5.53,0.93
E35000901,West Bridgford BUASD,8.63,0.94
E35000902,Bletchley BUASD,-3.64,0.85
E35000904,Berkhamsted BUASD,6.15,0.96
E35000906,Knaresborough BUASD,4.54,0.94
E35000908,Willenhall BUASD,-2.28,0.81
E35000910,Helston BUASD,-4.85,0.90
E35000913,Bulkington BUASD,2.38,0.93
E35000923,Ramsgate BUASD,-5.32,0.79
E35000924,Adlington BUASD,4.32,0.92
E35000925,Kippax BUASD,-3.01,0.92
E35000926,Penzance BUASD,-2.65,0.78
E35000932,Cheadle Hulme BUASD,7.85,0.94
E35000933,Radcliffe BUASD,0.00,0.82
E35000934,Coalville BUASD,-1.61,0.89
E35000938,Garstang BUASD,3.66,0.93
E35000940,Tipton BUASD,-3.27,0.76
E35000950,Bridlington BUASD,-3.24,0.79
E35000952,Litherland BUASD,-2.90,0.76
E35000953,Kirkham BUASD,0.38,0.90
E35000961,Barnsley BUASD,-3.22,0.83
E35000962,Platt Bridge BUASD,1.21,0.80
E35000963,Luton BUASD,-0.27,0.85
E35000964,Wath upon Dearne BUASD,-1.47,0.84
E35000965,Quorn (Quorndon) BUASD,0.00,0.95
E35000969,Burscough BUASD,3.31,0.91
E35000970,Dursley BUASD,-0.73,0.91
E35000975,Harrogate BUASD,4.42,0.93
E35000976,Godalming BUASD,0.00,0.94
E35000979,Kingsteignton BUASD,-1.35,0.91
E35000985,Bebington BUASD,3.31,0.89
E35000986,East Cowes BUASD,-7.60,0.85
E35000987,Frampton Cotterell/Winterbourne BUASD,1.25,0.94
E35000992,Long Eaton BUASD,0.08,0.89
E35000993,West Bromwich (East) BUASD,1.71,0.89
E35000995,Bolton Upon Dearne BUASD,-6.33,0.80
E35000997,Lytham St Anne's BUASD,4.26,0.90
E35000998,Wellington BUASD,-2.62,0.88
E35001001,Failsworth BUASD,-0.69,0.85
E35001004,Haslingden BUASD,1.79,0.87
E35001007,Heysham BUASD,-3.55,0.85
E35001011,Cleethorpes BUASD,-0.27,0.83
E35001012,Walton-on-Thames BUASD,0.96,0.93
E35001013,Pudsey BUASD,-0.02,0.91
E35001014,Grayshott BUASD,3.64,0.95
E35001027,Pontefract BUASD,-0.59,0.85
E35001028,Stretford BUASD,1.07,0.85
E35001036,Teignmouth BUASD,-2.98,0.87
E35001040,Crewe BUASD,-3.51,0.88
E35001042,Gravesend BUASD,-0.35,0.87
E35001045,Frimley BUASD,3.58,0.95
E35001053,Wraysbury BUASD,5.14,0.96
E35001055,Newton Abbot BUASD,-2.29,0.87
E35001056,Morecambe BUASD,-3.03,0.81
E35001059,Sileby BUASD,-3.93,0.91
E35001061,Cleveleys BUASD,0.86,0.86
E35001065,Paulton BUASD,-1.44,0.93
E35001066,Stakeford BUASD,-6.32,0.84
E35001069,Yateley BUASD,3.92,0.96
E35001070,Stonehouse BUASD,-3.03,0.89
E35001073,Armthorpe BUASD,-5.20,0.88
E35001075,Stainforth BUASD,-7.99,0.70
E35001085,Keighley BUASD,-2.14,0.81
E35001086,Burnham-on-Crouch BUASD,-1.90,0.90
E35001090,Selston BUASD,-3.20,0.88
E35001094,Havant BUASD,-7.12,0.83
E35001095,Golborne BUASD,0.99,0.89
E35001097,Cheshunt BUASD,-0.39,0.89
E35001099,Shaw (Oldham) BUASD,2.82,0.87
E35001102,Earl Shilton BUASD,-3.42,0.88
E35001106,Shanklin BUASD,-2.97,0.85
E35001109,Whitnash BUASD,-0.62,0.94
E35001112,Hythe BUASD,-0.95,0.90
E35001114,Mossley BUASD,2.61,0.87
E35001115,Maltby BUASD,-1.62,0.81
E35001116,Totton BUASD,-4.05,0.92
E35001118,Portslade-by-Sea BUASD,-2.96,0.86
E35001121,Cross Hills BUASD,3.49,0.93
E35001127,West Kirby BUASD,6.98,0.93
E35001128,Blaydon BUASD,-2.80,0.85
E35001129,Killamarsh BUASD,-0.96,0.91
E35001131,Milnrow BUASD,1.80,0.88
E35001132,Bishop's Cleeve BUASD,2.39,0.93
E35001137,Ringwood BUASD,0.20,0.92
E35001140,Dorking BUASD,5.00,0.94
E35001141,Rawmarsh BUASD,-4.07,0.80
E35001145,Barrowford BUASD,3.26,0.94
E35001146,Bournemouth BUASD,-0.98,0.87
E35001147,Kearsley BUASD,0.07,0.86
E35001149,Ashford (Ashford) BUASD,-3.48,0.87
E35001152,Southborough BUASD,1.23,0.92
E35001153,Welwyn Garden City BUASD,2.24,0.90
E35001154,Chalfont St Giles BUASD,8.47,0.97
E35001155,Cowes BUASD,-0.65,0.91
E35001157,Cudworth BUASD,-4.92,0.83
E35001158,Sandiacre BUASD,-1.46,0.90
E35001159,Doncaster BUASD,-1.18,0.83
E35001160,Selby BUASD,-5.45,0.85
E35001161,Hartlepool BUASD,-0.39,0.77
E35001162,Wickford BUASD,0.67,0.93
E35001164,Broomhall/Windlesham/Virginia Water BUASD,5.58,0.97
E35001165,Eastleigh BUASD,2.07,0.94
E35001167,Kettering BUASD,-1.85,0.87
E35001171,Lymington BUASD,0.03,0.91
E35001175,Royston BUASD,-3.41,0.83
E35001176,Diss BUASD,-3.21,0.90
E35001178,Longton BUASD,5.16,0.95
E35001180,Esher BUASD,5.20,0.95
E35001181,Ryton BUASD,0.92,0.90
E35001182,Rochdale BUASD,-0.40,0.77
E35001183,St Albans BUASD,5.81,0.93
E35001185,North Walney BUASD,-0.46,0.88
E35001186,Kiveton Park BUASD,1.89,0.91
E35001187,Catshill BUASD,1.70,0.92
E35001190,Canterbury BUASD,-2.63,0.91
E35001191,Normanton BUASD,-0.15,0.87
E35001192,Folkestone BUASD,-1.84,0.82
E35001194,St Neots BUASD,-3.25,0.92
E35001195,Fareham BUASD,0.04,0.93
E35001196,Sunderland BUASD,-1.69,0.79
E35001197,Ripley BUASD,-1.39,0.88
E35001198,Farnham BUASD,6.20,0.94
E35001199,Bolton BUASD,-0.32,0.78
E35001200,Guildford BUASD,1.95,0.94
E35001201,Northampton BUASD,-2.33,0.88
E35001202,Heanor BUASD,-3.37,0.86
E35001203,Burntwood BUASD,0.42,0.91
E35001205,Abingdon BUASD,-1.28,0.94
E35001208,Worsley BUASD,5.69,0.95
E35001210,High Wycombe BUASD,2.10,0.91
E35001213,East Grinstead BUASD,1.18,0.95
E35001214,Brownhills BUASD,-0.04,0.85
E35001215,Atherstone BUASD,-4.06,0.86
E35001216,Burton upon Trent BUASD,-1.70,0.88
E35001217,Bamber Bridge BUASD,3.42,0.91
E35001218,Wilmslow BUASD,4.48,0.94
E35001219,Gloucester BUASD,-1.91,0.88
E35001220,Otley BUASD,0.80,0.93
E35001221,Bushey BUASD,5.86,0.93
E35001222,Gateshead BUASD,-1.22,0.81
E35001223,Newport Pagnell BUASD,2.61,0.94
E35001224,Ilkeston BUASD,-4.20,0.83
E35001225,Newton-le-Willows BUASD,-1.68,0.81
E35001227,Tilbury BUASD,-7.10,0.75
E35001228,Droitwich BUASD,-2.86,0.89
E35001229,Mountsorrel BUASD,-3.11,0.93
E35001230,Chesterfield BUASD,-0.11,0.86
E35001232,Billericay BUASD,5.54,0.95
E35001234,Bideford BUASD,-6.04,0.86
E35001235,Wendover BUASD,8.69,0.95
E35001236,Jarrow BUASD,-0.81,0.79
E35001238,Tamworth BUASD,-2.36,0.87
E35001239,Newbury BUASD,-0.34,0.92
E35001240,Hale (Trafford) BUASD,9.30,0.96
E35001241,Weymouth BUASD,-1.40,0.87
E35001242,Bracknell BUASD,-1.17,0.92
E35001244,Cinderford BUASD,-5.40,0.85
E35001245,Cookham BUASD,3.80,0.96
E35001246,Ferndown BUASD,-0.01,0.92
E35001248,Cannock BUASD,-1.55,0.87
E35001249,Royal Tunbridge Wells BUASD,3.71,0.93
E35001250,Preston BUASD,-2.18,0.81
E35001251,Oldham BUASD,-4.05,0.72
E35001252,Mildenhall BUASD,-4.84,0.91
E35001256,Accrington BUASD,-1.84,0.78
E35001257,Bedford BUASD,-1.50,0.86
E35001258,Peterlee BUASD,-2.83,0.75
E35001260,Exeter BUASD,-1.85,0.91
E35001263,Corby BUASD,-5.30,0.85
E35001264,Reigate BUASD,2.96,0.94
E35001266,Stourport-on-Severn BUASD,-0.61,0.88
E35001267,Prudhoe BUASD,-2.38,0.89
E35001268,Hastings BUASD,-4.52,0.80
E35001270,Stockport BUASD,0.88,0.86
E35001272,Rugby BUASD,-0.02,0.91
E35001276,Marlow BUASD,6.19,0.95
E35001278,Aylesbury BUASD,-1.69,0.91
E35001279,Solihull BUASD,6.08,0.93
E35001281,Ipswich BUASD,-2.93,0.87
E35001282,Liversedge BUASD,2.26,0.87
E35001283,Penistone BUASD,3.87,0.93
E35001284,Basildon BUASD,-5.42,0.82
E35001286,Worksop BUASD,1.75,0.87
E35001287,Chertsey BUASD,1.42,0.91
E35001288,Chelmsford BUASD,0.95,0.92
E35001290,Standish BUASD,8.40,0.93
E35001291,Fazeley BUASD,-4.43,0.90
E35001292,Andover BUASD,-2.77,0.91
E35001293,Watton BUASD,-7.28,0.89
E35001295,Warlingham BUASD,2.05,0.94
E35001297,Wingerworth BUASD,4.06,0.97
E35001298,Woking BUASD,3.94,0.94
E35001299,Chesham BUASD,0.81,0.91
E35001301,Woodley BUASD,2.86,0.95
E35001302,Yeadon BUASD,1.81,0.92
E35001303,Clay Cross BUASD,-3.08,0.83
E35001305,Runcorn BUASD,-0.19,0.79
E35001306,Wellingborough BUASD,-3.13,0.85
E35001307,Telford BUASD,-2.61,0.83
E35001308,Ditton BUASD,1.18,0.90
E35001311,Egham BUASD,0.71,0.94
E35001313,Wolverhampton BUASD,-0.92,0.80
E35001314,Staines BUASD,0.94,0.93
E35001315,Torquay BUASD,-4.25,0.79
E35001318,Paignton BUASD,-1.37,0.85
E35001320,Grimsby BUASD,-4.23,0.77
E35001321,West Hallam BUASD,4.23,0.94
E35001322,Weston-Super-Mare BUASD,-1.65,0.85
E35001323,Beeston (Broxtowe) BUASD,1.86,0.92
E35001324,Warwick BUASD,1.85,0.92
E35001325,Filton BUASD,0.11,0.93
E35001326,Stafford BUASD,0.27,0.91
E35001327,West Kingsdown BUASD,-1.62,0.92
E35001329,Rotherham BUASD,-2.56,0.80
E35001332,Leyland BUASD,-0.31,0.88
E35001334,Mansfield BUASD,-2.97,0.85
E35001337,Swadlincote BUASD,-3.51,0.89
E35001340,Northwich BUASD,1.85,0.90
E35001341,Iver Heath BUASD,-1.81,0.93
E35001345,Rainford BUASD,3.48,0.93
E35001346,Stroud BUASD,1.89,0.91
E35001347,Lancaster BUASD,-0.65,0.87
E35001348,Harlow BUASD,-2.73,0.87
E35001349,Wokingham BUASD,5.85,0.96
E35001350,Kidsgrove BUASD,-2.74,0.89
E35001351,Littleborough BUASD,5.58,0.91
E35001352,Camberley BUASD,1.59,0.93
E35001353,Slough BUASD,1.07,0.88
E35001354,Tynemouth BUASD,-0.42,0.83
E35001356,Alfreton BUASD,-3.91,0.85
E35001357,Colchester BUASD,-0.35,0.89
E35001359,Wimborne Minster BUASD,2.52,0.93
E35001360,Kingsnorth (Ashford) BUASD,0.54,0.93
E35001361,Ryde BUASD,-6.72,0.84
E35001362,Cramlington BUASD,-0.57,0.89
E35001363,Grantham BUASD,-0.73,0.88
E35001365,Wombwell BUASD,-2.72,0.83
E35001366,Chester-le-Street BUASD,1.66,0.86
E35001367,Kesgrave BUASD,4.54,0.95
E35001370,Epsom BUASD,3.38,0.93
E35001373,Minster (Swale) BUASD,-4.12,0.87
E35001374,Horsforth BUASD,6.13,0.94
E35001375,Hoylake BUASD,8.61,0.93
E35001378,Rayleigh BUASD,1.64,0.94
E35001379,Wigan BUASD,0.54,0.85
E35001380,Partington BUASD,-4.79,0.72
E35001381,Dudley (North Tyneside) BUASD,-8.71,0.82
E35001385,Middlesbrough BUASD,-2.32,0.75
E35001386,Waltham Abbey BUASD,-0.18,0.87
E35001387,Consett BUASD,0.50,0.86
E35001388,Whitworth BUASD,1.42,0.85
E35001389,Peterborough BUASD,-2.22,0.83
E35001391,Carlisle BUASD,-4.32,0.87
E35001392,Royal Leamington Spa BUASD,0.79,0.92
E35001393,Poulton-le-Fylde BUASD,5.24,0.92
E35001395,Stanley BUASD,-5.23,0.77
E35001397,Bexhill BUASD,-1.45,0.86
E35001400,Leek BUASD,-2.50,0.89
E35001401,Wallsend BUASD,-1.89,0.81
E35001402,Huddersfield BUASD,0.63,0.85
E35001404,Hunstanton BUASD,-5.61,0.88
E35001405,Cambridge BUASD,1.21,0.93
E35001407,Colne BUASD,-2.03,0.82
E35001409,Weybridge BUASD,6.11,0.95
E35001411,Glossop BUASD,1.70,0.89
E35001413,Hoddesdon BUASD,0.67,0.91
E35001414,Staveley BUASD,-0.81,0.81
E35001415,Bury BUASD,1.27,0.84
E35001416,Redruth BUASD,-2.01,0.84
E35001417,Amersham BUASD,8.14,0.95
E35001418,Swanscombe BUASD,-0.91,0.90
E35001419,Wetherby BUASD,5.36,0.95
E35001421,Locks Heath/Warsash/Whiteley BUASD,4.14,0.95
E35001423,Nailsworth BUASD,7.06,0.93
E35001424,Leiston BUASD,-7.34,0.88
E35001425,Skelmersdale BUASD,-2.29,0.78
E35001427,Washington BUASD,-0.24,0.84
E35001428,Ellesmere Port BUASD,-3.03,0.85
E35001432,Rickmansworth BUASD,5.61,0.95
E35001435,Carnforth BUASD,-1.22,0.90
E35001436,Newcastle-under-Lyme BUASD,1.09,0.88
E35001437,Swindon BUASD,-2.14,0.89
E35001438,Walsall BUASD,-0.93,0.77
E35001441,Oxford BUASD,-2.15,0.91
E35001442,Shoreham-by-Sea BUASD,-3.91,0.90
E35001444,Rochester BUASD,-1.75,0.87
E35001446,Hoyland BUASD,-4.40,0.83
E35001447,Hemel Hempstead BUASD,-0.89,0.90
E35001448,Brierfield BUASD,-0.30,0.80
E35001451,Lincoln BUASD,-3.68,0.85
E35001452,Worcester BUASD,-0.25,0.89
E35001453,Stowmarket BUASD,-2.01,0.91
E35001454,Grays BUASD,-0.80,0.89
E35001456,Batley BUASD,0.40,0.85
E35001457,Rochford BUASD,-3.65,0.89
E35001458,Margate BUASD,-3.59,0.80
E35001459,Haslemere BUASD,4.81,0.95
E35001461,Cranleigh BUASD,1.16,0.95
E35001462,Bicester BUASD,-0.88,0.94
E35001463,Bridgnorth BUASD,0.67,0.92
E35001464,Wareham BUASD,-1.31,0.91
E35001468,South Normanton BUASD,-3.69,0.88
E35001471,Merley BUASD,5.20,0.97
E35001472,Blackpool BUASD,-2.09,0.76
E35001474,Wakefield BUASD,0.44,0.86
E35001476,Bude BUASD,-5.45,0.84
E35001479,Gosport BUASD,-4.22,0.89
E35001480,Seaton BUASD,4.45,0.93
E35001481,Thornaby-on-Tees BUASD,-2.42,0.77
E35001482,Adwick le Street BUASD,-4.10,0.79
E35001485,Houghton-le-Spring BUASD,-3.78,0.83
E35001486,Herne Bay BUASD,-2.17,0.87
E35001487,Tadley BUASD,-0.73,0.95
E35001490,Leatherhead BUASD,3.36,0.94
E35001491,West Bromwich BUASD,-3.48,0.76
E35001492,Whitley Bay BUASD,5.32,0.93
E35001493,Horley BUASD,-2.36,0.93
E35001494,Newark-on-Trent BUASD,-4.98,0.86
E35001496,Pershore BUASD,-1.51,0.89
E35001497,St Helens BUASD,-1.92,0.79
E35001498,Stockton-on-Tees BUASD,-2.50,0.79
E35001499,Hitchin BUASD,4.45,0.93
E35001500,Burley in Wharfedale BUASD,9.86,0.96
E35001501,Reading BUASD,0.40,0.91
E35001502,Hedge End BUASD,2.49,0.95
E35001503,Westergate BUASD,1.56,0.93
E35001507,Loughton BUASD,1.27,0.90
E35001516,Milton Keynes BUASD,0.34,0.89
E35001517,Redditch BUASD,-0.29,0.88
K06000004,Chester BUASD,-0.81,0.88
