"sampleID","patient","type","A2BP1"
"TCGA-05-4244-01A","TCGA-05-4244","tumor",1.7454
"TCGA-05-4249-01A","TCGA-05-4249","tumor",1.6098
"TCGA-05-4250-01A","TCGA-05-4250","tumor",0
"TCGA-05-4382-01A","TCGA-05-4382","tumor",0
"TCGA-05-4384-01A","TCGA-05-4384","tumor",0
"TCGA-05-4389-01A","TCGA-05-4389","tumor",0
"TCGA-05-4390-01A","TCGA-05-4390","tumor",97.7167
"TCGA-05-4395-01A","TCGA-05-4395","tumor",0
"TCGA-05-4396-01A","TCGA-05-4396","tumor",0
"TCGA-05-4397-01A","TCGA-05-4397","tumor",0
"TCGA-05-4398-01A","TCGA-05-4398","tumor",0.435
"TCGA-05-4402-01A","TCGA-05-4402","tumor",0
"TCGA-05-4403-01A","TCGA-05-4403","tumor",0
"TCGA-05-4405-01A","TCGA-05-4405","tumor",0
"TCGA-05-4410-01A","TCGA-05-4410","tumor",0
"TCGA-05-4415-01A","TCGA-05-4415","tumor",0
"TCGA-05-4417-01A","TCGA-05-4417","tumor",54.0072
"TCGA-05-4418-01A","TCGA-05-4418","tumor",0
"TCGA-05-4420-01A","TCGA-05-4420","tumor",0
"TCGA-05-4422-01A","TCGA-05-4422","tumor",0
"TCGA-05-4424-01A","TCGA-05-4424","tumor",0
"TCGA-05-4425-01A","TCGA-05-4425","tumor",272.5238
"TCGA-05-4426-01A","TCGA-05-4426","tumor",0.2964
"TCGA-05-4427-01A","TCGA-05-4427","tumor",0
"TCGA-05-4430-01A","TCGA-05-4430","tumor",0.319
"TCGA-05-4432-01A","TCGA-05-4432","tumor",0
"TCGA-05-4433-01A","TCGA-05-4433","tumor",0
"TCGA-05-4434-01A","TCGA-05-4434","tumor",2.0348
"TCGA-05-5420-01A","TCGA-05-5420","tumor",0
"TCGA-05-5423-01A","TCGA-05-5423","tumor",0.7326
"TCGA-05-5425-01A","TCGA-05-5425","tumor",0
"TCGA-05-5428-01A","TCGA-05-5428","tumor",0
"TCGA-05-5429-01A","TCGA-05-5429","tumor",0
"TCGA-05-5715-01A","TCGA-05-5715","tumor",0
"TCGA-35-3615-01A","TCGA-35-3615","tumor",0
"TCGA-35-4122-01A","TCGA-35-4122","tumor",0
"TCGA-35-4123-01A","TCGA-35-4123","tumor",0
"TCGA-35-5375-01A","TCGA-35-5375","tumor",0
"TCGA-38-4625-01A","TCGA-38-4625","tumor",0
"TCGA-38-4626-01A","TCGA-38-4626","tumor",0.2262
"TCGA-38-4627-01A","TCGA-38-4627","tumor",13.4987
"TCGA-38-4628-01A","TCGA-38-4628","tumor",1.5803
"TCGA-38-4629-01A","TCGA-38-4629","tumor",0
"TCGA-38-4630-01A","TCGA-38-4630","tumor",0
"TCGA-38-4631-01A","TCGA-38-4631","tumor",0
"TCGA-38-4632-01A","TCGA-38-4632","tumor",0
"TCGA-38-6178-01A","TCGA-38-6178","tumor",0
"TCGA-38-7271-01A","TCGA-38-7271","tumor",0.7593
"TCGA-38-A44F-01A","TCGA-38-A44F","tumor",0
"TCGA-44-2655-01A","TCGA-44-2655","tumor",0
"TCGA-44-2656-01A","TCGA-44-2656","tumor",0
"TCGA-44-2657-01A","TCGA-44-2657","tumor",0
"TCGA-44-2659-01A","TCGA-44-2659","tumor",1.3076
"TCGA-44-2661-01A","TCGA-44-2661","tumor",0.4803
"TCGA-44-2662-01A","TCGA-44-2662","tumor",0
"TCGA-44-2665-01A","TCGA-44-2665","tumor",2.3719
"TCGA-44-2666-01A","TCGA-44-2666","tumor",270.6704
"TCGA-44-2668-01A","TCGA-44-2668","tumor",0.2729
"TCGA-44-3396-01A","TCGA-44-3396","tumor",0.6713
"TCGA-44-3398-01A","TCGA-44-3398","tumor",41.97
"TCGA-44-3918-01A","TCGA-44-3918","tumor",0.3814
"TCGA-44-3919-01A","TCGA-44-3919","tumor",0
"TCGA-44-4112-01A","TCGA-44-4112","tumor",1.2048
"TCGA-44-5643-01A","TCGA-44-5643","tumor",0
"TCGA-44-5644-01A","TCGA-44-5644","tumor",11.9701
"TCGA-44-5645-01A","TCGA-44-5645","tumor",1.7212
"TCGA-44-6145-01A","TCGA-44-6145","tumor",0.6317
"TCGA-44-6146-01A","TCGA-44-6146","tumor",0
"TCGA-44-6147-01A","TCGA-44-6147","tumor",1.0929
"TCGA-44-6148-01A","TCGA-44-6148","tumor",2.6785
"TCGA-44-6774-01A","TCGA-44-6774","tumor",5.5762
"TCGA-44-6775-01A","TCGA-44-6775","tumor",0
"TCGA-44-6776-01A","TCGA-44-6776","tumor",0
"TCGA-44-6777-01A","TCGA-44-6777","tumor",1.0521
"TCGA-44-6778-01A","TCGA-44-6778","tumor",0.6345
"TCGA-44-6779-01A","TCGA-44-6779","tumor",0
"TCGA-44-7659-01A","TCGA-44-7659","tumor",0
"TCGA-44-7660-01A","TCGA-44-7660","tumor",0
"TCGA-44-7661-01A","TCGA-44-7661","tumor",0.9369
"TCGA-44-7662-01A","TCGA-44-7662","tumor",0
"TCGA-44-7667-01A","TCGA-44-7667","tumor",0.3329
"TCGA-44-7669-01A","TCGA-44-7669","tumor",0.3067
"TCGA-44-7670-01A","TCGA-44-7670","tumor",1.2366
"TCGA-44-7671-01A","TCGA-44-7671","tumor",0.3151
"TCGA-44-7672-01A","TCGA-44-7672","tumor",0
"TCGA-44-8117-01A","TCGA-44-8117","tumor",0.5781
"TCGA-44-8119-01A","TCGA-44-8119","tumor",0.7891
"TCGA-44-8120-01A","TCGA-44-8120","tumor",0.2803
"TCGA-44-A479-01A","TCGA-44-A479","tumor",23.269
"TCGA-44-A47A-01A","TCGA-44-A47A","tumor",302.4565
"TCGA-44-A47B-01A","TCGA-44-A47B","tumor",0.4478
"TCGA-44-A47G-01A","TCGA-44-A47G","tumor",0
"TCGA-44-A4SS-01A","TCGA-44-A4SS","tumor",0
"TCGA-44-A4SU-01A","TCGA-44-A4SU","tumor",0
"TCGA-49-4486-01A","TCGA-49-4486","tumor",0
"TCGA-49-4487-01A","TCGA-49-4487","tumor",0.8425
"TCGA-49-4488-01A","TCGA-49-4488","tumor",0
"TCGA-49-4490-01A","TCGA-49-4490","tumor",0
"TCGA-49-4494-01A","TCGA-49-4494","tumor",0
"TCGA-49-4501-01A","TCGA-49-4501","tumor",0.2642
"TCGA-49-4505-01A","TCGA-49-4505","tumor",1.1226
"TCGA-49-4506-01A","TCGA-49-4506","tumor",0
"TCGA-49-4507-01A","TCGA-49-4507","tumor",0
"TCGA-49-4510-01A","TCGA-49-4510","tumor",0.3193
"TCGA-49-4512-01A","TCGA-49-4512","tumor",0
"TCGA-49-4514-01A","TCGA-49-4514","tumor",0
"TCGA-49-6742-01A","TCGA-49-6742","tumor",0.7457
"TCGA-49-6743-01A","TCGA-49-6743","tumor",1.0852
"TCGA-49-6744-01A","TCGA-49-6744","tumor",0
"TCGA-49-6745-01A","TCGA-49-6745","tumor",0
"TCGA-49-6761-01A","TCGA-49-6761","tumor",0
"TCGA-49-6767-01A","TCGA-49-6767","tumor",0
"TCGA-49-AAQV-01A","TCGA-49-AAQV","tumor",0
"TCGA-49-AAR0-01A","TCGA-49-AAR0","tumor",0
"TCGA-49-AAR2-01A","TCGA-49-AAR2","tumor",8.6618
"TCGA-49-AAR3-01A","TCGA-49-AAR3","tumor",0
"TCGA-49-AAR4-01A","TCGA-49-AAR4","tumor",1.261
"TCGA-49-AAR9-01A","TCGA-49-AAR9","tumor",0
"TCGA-49-AARE-01A","TCGA-49-AARE","tumor",0.4552
"TCGA-49-AARN-01A","TCGA-49-AARN","tumor",0
"TCGA-49-AARO-01A","TCGA-49-AARO","tumor",1.1531
"TCGA-49-AARQ-01A","TCGA-49-AARQ","tumor",0
"TCGA-49-AARR-01A","TCGA-49-AARR","tumor",0.5103
"TCGA-4B-A93V-01A","TCGA-4B-A93V","tumor",1.4433
"TCGA-50-5044-01A","TCGA-50-5044","tumor",1.0235
"TCGA-50-5045-01A","TCGA-50-5045","tumor",0.423
"TCGA-50-5049-01A","TCGA-50-5049","tumor",0.558
"TCGA-50-5051-01A","TCGA-50-5051","tumor",0
"TCGA-50-5055-01A","TCGA-50-5055","tumor",0.8306
"TCGA-50-5066-01A","TCGA-50-5066","tumor",0
"TCGA-50-5068-01A","TCGA-50-5068","tumor",1.7102
"TCGA-50-5072-01A","TCGA-50-5072","tumor",0
"TCGA-50-5930-01A","TCGA-50-5930","tumor",0
"TCGA-50-5931-01A","TCGA-50-5931","tumor",0
"TCGA-50-5932-01A","TCGA-50-5932","tumor",0
"TCGA-50-5933-01A","TCGA-50-5933","tumor",0
"TCGA-50-5935-01A","TCGA-50-5935","tumor",23.5556
"TCGA-50-5936-01A","TCGA-50-5936","tumor",0
"TCGA-50-5939-01A","TCGA-50-5939","tumor",0
"TCGA-50-5941-01A","TCGA-50-5941","tumor",0.641
"TCGA-50-5942-01A","TCGA-50-5942","tumor",365.0463
"TCGA-50-5944-01A","TCGA-50-5944","tumor",0
"TCGA-50-5946-01A","TCGA-50-5946","tumor",0
"TCGA-50-6590-01A","TCGA-50-6590","tumor",0
"TCGA-50-6591-01A","TCGA-50-6591","tumor",0
"TCGA-50-6592-01A","TCGA-50-6592","tumor",0
"TCGA-50-6593-01A","TCGA-50-6593","tumor",0.6414
"TCGA-50-6594-01A","TCGA-50-6594","tumor",0
"TCGA-50-6595-01A","TCGA-50-6595","tumor",0
"TCGA-50-6597-01A","TCGA-50-6597","tumor",0
"TCGA-50-6673-01A","TCGA-50-6673","tumor",0
"TCGA-50-7109-01A","TCGA-50-7109","tumor",0
"TCGA-50-8457-01A","TCGA-50-8457","tumor",6.2139
"TCGA-50-8459-01A","TCGA-50-8459","tumor",0
"TCGA-50-8460-01A","TCGA-50-8460","tumor",0
"TCGA-53-7624-01A","TCGA-53-7624","tumor",18.0061
"TCGA-53-7626-01A","TCGA-53-7626","tumor",0
"TCGA-53-7813-01A","TCGA-53-7813","tumor",435.7657
"TCGA-53-A4EZ-01A","TCGA-53-A4EZ","tumor",0
"TCGA-55-1592-01A","TCGA-55-1592","tumor",0.2706
"TCGA-55-1594-01A","TCGA-55-1594","tumor",0
"TCGA-55-1595-01A","TCGA-55-1595","tumor",0
"TCGA-55-1596-01A","TCGA-55-1596","tumor",0
"TCGA-55-5899-01A","TCGA-55-5899","tumor",8.0011
"TCGA-55-6543-01A","TCGA-55-6543","tumor",0.5574
"TCGA-55-6642-01A","TCGA-55-6642","tumor",5.8978
"TCGA-55-6712-01A","TCGA-55-6712","tumor",0
"TCGA-55-6968-01A","TCGA-55-6968","tumor",5.7241
"TCGA-55-6969-01A","TCGA-55-6969","tumor",1.3798
"TCGA-55-6970-01A","TCGA-55-6970","tumor",0
"TCGA-55-6971-01A","TCGA-55-6971","tumor",53.243
"TCGA-55-6972-01A","TCGA-55-6972","tumor",0
"TCGA-55-6975-01A","TCGA-55-6975","tumor",0
"TCGA-55-6978-01A","TCGA-55-6978","tumor",0.3603
"TCGA-55-6979-01A","TCGA-55-6979","tumor",2.8188
"TCGA-55-6980-01A","TCGA-55-6980","tumor",1.7683
"TCGA-55-6981-01A","TCGA-55-6981","tumor",0
"TCGA-55-6982-01A","TCGA-55-6982","tumor",0
"TCGA-55-6983-01A","TCGA-55-6983","tumor",264.539
"TCGA-55-6984-01A","TCGA-55-6984","tumor",0
"TCGA-55-6985-01A","TCGA-55-6985","tumor",8.209
"TCGA-55-6986-01A","TCGA-55-6986","tumor",0.7267
"TCGA-55-6987-01A","TCGA-55-6987","tumor",0
"TCGA-55-7227-01A","TCGA-55-7227","tumor",5.5287
"TCGA-55-7281-01A","TCGA-55-7281","tumor",0
"TCGA-55-7283-01A","TCGA-55-7283","tumor",0
"TCGA-55-7570-01A","TCGA-55-7570","tumor",0
"TCGA-55-7573-01A","TCGA-55-7573","tumor",8.0064
"TCGA-55-7574-01A","TCGA-55-7574","tumor",0
"TCGA-55-7576-01A","TCGA-55-7576","tumor",0
"TCGA-55-7724-01A","TCGA-55-7724","tumor",0
"TCGA-55-7725-01A","TCGA-55-7725","tumor",379.2017
"TCGA-55-7726-01A","TCGA-55-7726","tumor",0
"TCGA-55-7727-01A","TCGA-55-7727","tumor",0
"TCGA-55-7728-01A","TCGA-55-7728","tumor",0.3704
"TCGA-55-7815-01A","TCGA-55-7815","tumor",19.0381
"TCGA-55-7816-01A","TCGA-55-7816","tumor",78.2796
"TCGA-55-7903-01A","TCGA-55-7903","tumor",0.4983
"TCGA-55-7907-01A","TCGA-55-7907","tumor",1.5637
"TCGA-55-7910-01A","TCGA-55-7910","tumor",0
"TCGA-55-7911-01A","TCGA-55-7911","tumor",0
"TCGA-55-7914-01A","TCGA-55-7914","tumor",0
"TCGA-55-7994-01A","TCGA-55-7994","tumor",1.2664
"TCGA-55-7995-01A","TCGA-55-7995","tumor",0.2829
"TCGA-55-8085-01A","TCGA-55-8085","tumor",0
"TCGA-55-8087-01A","TCGA-55-8087","tumor",2.7923
"TCGA-55-8089-01A","TCGA-55-8089","tumor",0
"TCGA-55-8090-01A","TCGA-55-8090","tumor",0
"TCGA-55-8091-01A","TCGA-55-8091","tumor",1.5005
"TCGA-55-8092-01A","TCGA-55-8092","tumor",0
"TCGA-55-8094-01A","TCGA-55-8094","tumor",0
"TCGA-55-8096-01A","TCGA-55-8096","tumor",5.9251
"TCGA-55-8097-01A","TCGA-55-8097","tumor",0.4003
"TCGA-55-8203-01A","TCGA-55-8203","tumor",69.5582
"TCGA-55-8204-01A","TCGA-55-8204","tumor",1.073
"TCGA-55-8205-01A","TCGA-55-8205","tumor",0.3165
"TCGA-55-8206-01A","TCGA-55-8206","tumor",0.2953
"TCGA-55-8207-01A","TCGA-55-8207","tumor",0.7265
"TCGA-55-8208-01A","TCGA-55-8208","tumor",1.5472
"TCGA-55-8299-01A","TCGA-55-8299","tumor",0
"TCGA-55-8301-01A","TCGA-55-8301","tumor",0
"TCGA-55-8302-01A","TCGA-55-8302","tumor",0
"TCGA-55-8505-01A","TCGA-55-8505","tumor",0.5893
"TCGA-55-8506-01A","TCGA-55-8506","tumor",11.8243
"TCGA-55-8507-01A","TCGA-55-8507","tumor",0
"TCGA-55-8508-01A","TCGA-55-8508","tumor",429.7082
"TCGA-55-8510-01A","TCGA-55-8510","tumor",0
"TCGA-55-8511-01A","TCGA-55-8511","tumor",0
"TCGA-55-8512-01A","TCGA-55-8512","tumor",5.3447
"TCGA-55-8513-01A","TCGA-55-8513","tumor",0
"TCGA-55-8514-01A","TCGA-55-8514","tumor",0
"TCGA-55-8614-01A","TCGA-55-8614","tumor",2.5145
"TCGA-55-8615-01A","TCGA-55-8615","tumor",13.369
"TCGA-55-8616-01A","TCGA-55-8616","tumor",2.1008
"TCGA-55-8619-01A","TCGA-55-8619","tumor",0.5824
"TCGA-55-8620-01A","TCGA-55-8620","tumor",733.4425
"TCGA-55-8621-01A","TCGA-55-8621","tumor",18.2135
"TCGA-55-A48X-01A","TCGA-55-A48X","tumor",0.4888
"TCGA-55-A48Y-01A","TCGA-55-A48Y","tumor",0
"TCGA-55-A48Z-01A","TCGA-55-A48Z","tumor",0.4805
"TCGA-55-A490-01A","TCGA-55-A490","tumor",0
"TCGA-55-A491-01A","TCGA-55-A491","tumor",0
"TCGA-55-A492-01A","TCGA-55-A492","tumor",0
"TCGA-55-A493-01A","TCGA-55-A493","tumor",0
"TCGA-55-A494-01A","TCGA-55-A494","tumor",0
"TCGA-55-A4DF-01A","TCGA-55-A4DF","tumor",0
"TCGA-55-A4DG-01A","TCGA-55-A4DG","tumor",1.5823
"TCGA-55-A57B-01A","TCGA-55-A57B","tumor",2.1157
"TCGA-62-8394-01A","TCGA-62-8394","tumor",0
"TCGA-62-8395-01A","TCGA-62-8395","tumor",0
"TCGA-62-8397-01A","TCGA-62-8397","tumor",0
"TCGA-62-8398-01A","TCGA-62-8398","tumor",0
"TCGA-62-8399-01A","TCGA-62-8399","tumor",0
"TCGA-62-8402-01A","TCGA-62-8402","tumor",0
"TCGA-62-A46O-01A","TCGA-62-A46O","tumor",0
"TCGA-62-A46P-01A","TCGA-62-A46P","tumor",113.5338
"TCGA-62-A46R-01A","TCGA-62-A46R","tumor",0
"TCGA-62-A46S-01A","TCGA-62-A46S","tumor",0
"TCGA-62-A46U-01A","TCGA-62-A46U","tumor",1.6441
"TCGA-62-A46V-01A","TCGA-62-A46V","tumor",0
"TCGA-62-A46Y-01A","TCGA-62-A46Y","tumor",0.5013
"TCGA-62-A470-01A","TCGA-62-A470","tumor",0
"TCGA-62-A471-01A","TCGA-62-A471","tumor",0
"TCGA-62-A472-01A","TCGA-62-A472","tumor",0
"TCGA-64-1676-01A","TCGA-64-1676","tumor",0.6929
"TCGA-64-1677-01A","TCGA-64-1677","tumor",4.3764
"TCGA-64-1678-01A","TCGA-64-1678","tumor",0.9365
"TCGA-64-1679-01A","TCGA-64-1679","tumor",0.2902
"TCGA-64-1680-01A","TCGA-64-1680","tumor",0
"TCGA-64-1681-01A","TCGA-64-1681","tumor",1.8072
"TCGA-64-5774-01A","TCGA-64-5774","tumor",12.1666
"TCGA-64-5775-01A","TCGA-64-5775","tumor",0.4641
"TCGA-64-5778-01A","TCGA-64-5778","tumor",0
"TCGA-64-5779-01A","TCGA-64-5779","tumor",225.0409
"TCGA-64-5781-01A","TCGA-64-5781","tumor",0
"TCGA-64-5815-01A","TCGA-64-5815","tumor",0
"TCGA-67-3770-01A","TCGA-67-3770","tumor",0
"TCGA-67-3771-01A","TCGA-67-3771","tumor",13.0293
"TCGA-67-3772-01A","TCGA-67-3772","tumor",68.8202
"TCGA-67-3773-01A","TCGA-67-3773","tumor",0
"TCGA-67-3774-01A","TCGA-67-3774","tumor",0
"TCGA-67-6215-01A","TCGA-67-6215","tumor",0
"TCGA-67-6216-01A","TCGA-67-6216","tumor",7.0723
"TCGA-67-6217-01A","TCGA-67-6217","tumor",0
"TCGA-69-7760-01A","TCGA-69-7760","tumor",0
"TCGA-69-7761-01A","TCGA-69-7761","tumor",0
"TCGA-69-7763-01A","TCGA-69-7763","tumor",0
"TCGA-69-7764-01A","TCGA-69-7764","tumor",0
"TCGA-69-7765-01A","TCGA-69-7765","tumor",0.6242
"TCGA-69-7973-01A","TCGA-69-7973","tumor",226.5346
"TCGA-69-7974-01A","TCGA-69-7974","tumor",0
"TCGA-69-7978-01A","TCGA-69-7978","tumor",0.6725
"TCGA-69-7979-01A","TCGA-69-7979","tumor",0.2899
"TCGA-69-7980-01A","TCGA-69-7980","tumor",0
"TCGA-69-8253-01A","TCGA-69-8253","tumor",4.8571
"TCGA-69-8254-01A","TCGA-69-8254","tumor",0.7382
"TCGA-69-8255-01A","TCGA-69-8255","tumor",0.2774
"TCGA-69-8453-01A","TCGA-69-8453","tumor",0
"TCGA-69-A59K-01A","TCGA-69-A59K","tumor",0
"TCGA-71-6725-01A","TCGA-71-6725","tumor",0.312
"TCGA-71-8520-01A","TCGA-71-8520","tumor",0
"TCGA-73-4658-01A","TCGA-73-4658","tumor",0
"TCGA-73-4659-01A","TCGA-73-4659","tumor",0.6329
"TCGA-73-4662-01A","TCGA-73-4662","tumor",0.2344
"TCGA-73-4666-01A","TCGA-73-4666","tumor",0
"TCGA-73-4668-01A","TCGA-73-4668","tumor",0
"TCGA-73-4670-01A","TCGA-73-4670","tumor",0
"TCGA-73-4675-01A","TCGA-73-4675","tumor",0.3098
"TCGA-73-4676-01A","TCGA-73-4676","tumor",0
"TCGA-73-4677-01A","TCGA-73-4677","tumor",0
"TCGA-73-7498-01A","TCGA-73-7498","tumor",0
"TCGA-73-7499-01A","TCGA-73-7499","tumor",3.581
"TCGA-73-A9RS-01A","TCGA-73-A9RS","tumor",0
"TCGA-75-5122-01A","TCGA-75-5122","tumor",0
"TCGA-75-5125-01A","TCGA-75-5125","tumor",0
"TCGA-75-5126-01A","TCGA-75-5126","tumor",0
"TCGA-75-5146-01A","TCGA-75-5146","tumor",0
"TCGA-75-5147-01A","TCGA-75-5147","tumor",0.5898
"TCGA-75-6203-01A","TCGA-75-6203","tumor",1.3755
"TCGA-75-6205-01A","TCGA-75-6205","tumor",0
"TCGA-75-6206-01A","TCGA-75-6206","tumor",0
"TCGA-75-6207-01A","TCGA-75-6207","tumor",0.8791
"TCGA-75-6211-01A","TCGA-75-6211","tumor",60.4865
"TCGA-75-6212-01A","TCGA-75-6212","tumor",0.7794
"TCGA-75-6214-01A","TCGA-75-6214","tumor",0
"TCGA-75-7025-01A","TCGA-75-7025","tumor",24.9622
"TCGA-75-7027-01A","TCGA-75-7027","tumor",0
"TCGA-75-7030-01A","TCGA-75-7030","tumor",0
"TCGA-75-7031-01A","TCGA-75-7031","tumor",0
"TCGA-78-7143-01A","TCGA-78-7143","tumor",0
"TCGA-78-7145-01A","TCGA-78-7145","tumor",0
"TCGA-78-7146-01A","TCGA-78-7146","tumor",0
"TCGA-78-7147-01A","TCGA-78-7147","tumor",0
"TCGA-78-7148-01A","TCGA-78-7148","tumor",0
"TCGA-78-7149-01A","TCGA-78-7149","tumor",0
"TCGA-78-7150-01A","TCGA-78-7150","tumor",0.5737
"TCGA-78-7152-01A","TCGA-78-7152","tumor",0
"TCGA-78-7153-01A","TCGA-78-7153","tumor",0
"TCGA-78-7154-01A","TCGA-78-7154","tumor",72.0345
"TCGA-78-7155-01A","TCGA-78-7155","tumor",0
"TCGA-78-7156-01A","TCGA-78-7156","tumor",0
"TCGA-78-7158-01A","TCGA-78-7158","tumor",424.0664
"TCGA-78-7159-01A","TCGA-78-7159","tumor",292.562
"TCGA-78-7160-01A","TCGA-78-7160","tumor",0
"TCGA-78-7161-01A","TCGA-78-7161","tumor",0
"TCGA-78-7162-01A","TCGA-78-7162","tumor",0
"TCGA-78-7163-01A","TCGA-78-7163","tumor",1.0271
"TCGA-78-7166-01A","TCGA-78-7166","tumor",0
"TCGA-78-7167-01A","TCGA-78-7167","tumor",0
"TCGA-78-7220-01A","TCGA-78-7220","tumor",0
"TCGA-78-7535-01A","TCGA-78-7535","tumor",0
"TCGA-78-7536-01A","TCGA-78-7536","tumor",0
"TCGA-78-7537-01A","TCGA-78-7537","tumor",0
"TCGA-78-7539-01A","TCGA-78-7539","tumor",0
"TCGA-78-7540-01A","TCGA-78-7540","tumor",0
"TCGA-78-7542-01A","TCGA-78-7542","tumor",0
"TCGA-78-7633-01A","TCGA-78-7633","tumor",0
"TCGA-78-8640-01A","TCGA-78-8640","tumor",1.7505
"TCGA-78-8648-01A","TCGA-78-8648","tumor",0
"TCGA-78-8655-01A","TCGA-78-8655","tumor",0
"TCGA-78-8660-01A","TCGA-78-8660","tumor",0
"TCGA-78-8662-01A","TCGA-78-8662","tumor",0
"TCGA-80-5607-01A","TCGA-80-5607","tumor",1.6273
"TCGA-80-5608-01A","TCGA-80-5608","tumor",21.2786
"TCGA-80-5611-01A","TCGA-80-5611","tumor",0
"TCGA-83-5908-01A","TCGA-83-5908","tumor",0
"TCGA-86-6562-01A","TCGA-86-6562","tumor",0
"TCGA-86-6851-01A","TCGA-86-6851","tumor",0
"TCGA-86-7701-01A","TCGA-86-7701","tumor",4.215
"TCGA-86-7711-01A","TCGA-86-7711","tumor",0
"TCGA-86-7713-01A","TCGA-86-7713","tumor",0
"TCGA-86-7714-01A","TCGA-86-7714","tumor",46.0526
"TCGA-86-7953-01A","TCGA-86-7953","tumor",0.2954
"TCGA-86-7954-01A","TCGA-86-7954","tumor",0
"TCGA-86-7955-01A","TCGA-86-7955","tumor",0
"TCGA-86-8054-01A","TCGA-86-8054","tumor",96.2451
"TCGA-86-8055-01A","TCGA-86-8055","tumor",0
"TCGA-86-8056-01A","TCGA-86-8056","tumor",0
"TCGA-86-8073-01A","TCGA-86-8073","tumor",0
"TCGA-86-8074-01A","TCGA-86-8074","tumor",0
"TCGA-86-8075-01A","TCGA-86-8075","tumor",0.2857
"TCGA-86-8076-01A","TCGA-86-8076","tumor",0
"TCGA-86-8278-01A","TCGA-86-8278","tumor",0
"TCGA-86-8279-01A","TCGA-86-8279","tumor",2.6667
"TCGA-86-8280-01A","TCGA-86-8280","tumor",6.9066
"TCGA-86-8281-01A","TCGA-86-8281","tumor",0
"TCGA-86-8358-01A","TCGA-86-8358","tumor",0
"TCGA-86-8359-01A","TCGA-86-8359","tumor",0
"TCGA-86-8585-01A","TCGA-86-8585","tumor",0
"TCGA-86-8668-01A","TCGA-86-8668","tumor",0
"TCGA-86-8669-01A","TCGA-86-8669","tumor",0
"TCGA-86-8671-01A","TCGA-86-8671","tumor",0.551
"TCGA-86-8672-01A","TCGA-86-8672","tumor",0
"TCGA-86-8673-01A","TCGA-86-8673","tumor",0
"TCGA-86-8674-01A","TCGA-86-8674","tumor",0
"TCGA-86-A456-01A","TCGA-86-A456","tumor",0
"TCGA-86-A4D0-01A","TCGA-86-A4D0","tumor",15.8213
"TCGA-86-A4JF-01A","TCGA-86-A4JF","tumor",0.8859
"TCGA-86-A4P7-01A","TCGA-86-A4P7","tumor",0
"TCGA-86-A4P8-01A","TCGA-86-A4P8","tumor",0.4558
"TCGA-91-6828-01A","TCGA-91-6828","tumor",0
"TCGA-91-6829-01A","TCGA-91-6829","tumor",0.5163
"TCGA-91-6830-01A","TCGA-91-6830","tumor",0
"TCGA-91-6831-01A","TCGA-91-6831","tumor",0
"TCGA-91-6835-01A","TCGA-91-6835","tumor",0
"TCGA-91-6836-01A","TCGA-91-6836","tumor",0
"TCGA-91-6840-01A","TCGA-91-6840","tumor",0
"TCGA-91-6847-01A","TCGA-91-6847","tumor",35.6408
"TCGA-91-6848-01A","TCGA-91-6848","tumor",5.8623
"TCGA-91-6849-01A","TCGA-91-6849","tumor",0
"TCGA-91-7771-01A","TCGA-91-7771","tumor",4.5714
"TCGA-91-8496-01A","TCGA-91-8496","tumor",2.3232
"TCGA-91-8497-01A","TCGA-91-8497","tumor",29.1246
"TCGA-91-8499-01A","TCGA-91-8499","tumor",46.0789
"TCGA-91-A4BC-01A","TCGA-91-A4BC","tumor",14.3603
"TCGA-91-A4BD-01A","TCGA-91-A4BD","tumor",8.7668
"TCGA-93-7347-01A","TCGA-93-7347","tumor",125.0971
"TCGA-93-7348-01A","TCGA-93-7348","tumor",3.3022
"TCGA-93-8067-01A","TCGA-93-8067","tumor",0.2848
"TCGA-93-A4JN-01A","TCGA-93-A4JN","tumor",15.7938
"TCGA-93-A4JO-01A","TCGA-93-A4JO","tumor",0
"TCGA-93-A4JP-01A","TCGA-93-A4JP","tumor",1.5899
"TCGA-93-A4JQ-01A","TCGA-93-A4JQ","tumor",1.7437
"TCGA-95-7039-01A","TCGA-95-7039","tumor",0
"TCGA-95-7043-01A","TCGA-95-7043","tumor",0
"TCGA-95-7562-01A","TCGA-95-7562","tumor",0
"TCGA-95-7567-01A","TCGA-95-7567","tumor",0
"TCGA-95-7944-01A","TCGA-95-7944","tumor",0
"TCGA-95-7947-01A","TCGA-95-7947","tumor",0.3056
"TCGA-95-7948-01A","TCGA-95-7948","tumor",0.6579
"TCGA-95-8039-01A","TCGA-95-8039","tumor",0.3854
"TCGA-95-8494-01A","TCGA-95-8494","tumor",0
"TCGA-95-A4VK-01A","TCGA-95-A4VK","tumor",0
"TCGA-95-A4VN-01A","TCGA-95-A4VN","tumor",0
"TCGA-95-A4VP-01A","TCGA-95-A4VP","tumor",80.7234
"TCGA-97-7546-01A","TCGA-97-7546","tumor",6.263
"TCGA-97-7547-01A","TCGA-97-7547","tumor",150.1258
"TCGA-97-7552-01A","TCGA-97-7552","tumor",0
"TCGA-97-7553-01A","TCGA-97-7553","tumor",0
"TCGA-97-7554-01A","TCGA-97-7554","tumor",0
"TCGA-97-7937-01A","TCGA-97-7937","tumor",0
"TCGA-97-7938-01A","TCGA-97-7938","tumor",0
"TCGA-97-7941-01A","TCGA-97-7941","tumor",55.3119
"TCGA-97-8171-01A","TCGA-97-8171","tumor",2.8086
"TCGA-97-8172-01A","TCGA-97-8172","tumor",1.5877
"TCGA-97-8174-01A","TCGA-97-8174","tumor",0
"TCGA-97-8175-01A","TCGA-97-8175","tumor",0
"TCGA-97-8176-01A","TCGA-97-8176","tumor",1.7839
"TCGA-97-8177-01A","TCGA-97-8177","tumor",0
"TCGA-97-8179-01A","TCGA-97-8179","tumor",0
"TCGA-97-8547-01A","TCGA-97-8547","tumor",0
"TCGA-97-8552-01A","TCGA-97-8552","tumor",0.6098
"TCGA-97-A4LX-01A","TCGA-97-A4LX","tumor",0
"TCGA-97-A4M0-01A","TCGA-97-A4M0","tumor",4.1058
"TCGA-97-A4M1-01A","TCGA-97-A4M1","tumor",14.1948
"TCGA-97-A4M2-01A","TCGA-97-A4M2","tumor",0
"TCGA-97-A4M3-01A","TCGA-97-A4M3","tumor",0
"TCGA-97-A4M5-01A","TCGA-97-A4M5","tumor",0
"TCGA-97-A4M6-01A","TCGA-97-A4M6","tumor",13.7065
"TCGA-97-A4M7-01A","TCGA-97-A4M7","tumor",26.214
"TCGA-99-7458-01A","TCGA-99-7458","tumor",0.331
"TCGA-99-8025-01A","TCGA-99-8025","tumor",1.3329
"TCGA-99-8028-01A","TCGA-99-8028","tumor",0
"TCGA-99-8032-01A","TCGA-99-8032","tumor",44.1967
"TCGA-99-8033-01A","TCGA-99-8033","tumor",0
"TCGA-99-AA5R-01A","TCGA-99-AA5R","tumor",0.5429
"TCGA-J2-8192-01A","TCGA-J2-8192","tumor",2.2525
"TCGA-J2-8194-01A","TCGA-J2-8194","tumor",0
"TCGA-J2-A4AD-01A","TCGA-J2-A4AD","tumor",8.9322
"TCGA-J2-A4AE-01A","TCGA-J2-A4AE","tumor",0
"TCGA-J2-A4AG-01A","TCGA-J2-A4AG","tumor",1.1257
"TCGA-L4-A4E5-01A","TCGA-L4-A4E5","tumor",0
"TCGA-L4-A4E6-01A","TCGA-L4-A4E6","tumor",0
"TCGA-L9-A443-01A","TCGA-L9-A443","tumor",8.4234
"TCGA-L9-A444-01A","TCGA-L9-A444","tumor",0
"TCGA-L9-A50W-01A","TCGA-L9-A50W","tumor",276.8566
"TCGA-L9-A5IP-01A","TCGA-L9-A5IP","tumor",0
"TCGA-L9-A743-01A","TCGA-L9-A743","tumor",0.4721
"TCGA-L9-A7SV-01A","TCGA-L9-A7SV","tumor",0
"TCGA-L9-A8F4-01A","TCGA-L9-A8F4","tumor",3.3461
"TCGA-MN-A4N1-01A","TCGA-MN-A4N1","tumor",6.648
"TCGA-MN-A4N4-01A","TCGA-MN-A4N4","tumor",0
"TCGA-MN-A4N5-01A","TCGA-MN-A4N5","tumor",0
"TCGA-MP-A4SV-01A","TCGA-MP-A4SV","tumor",2.1377
"TCGA-MP-A4SW-01A","TCGA-MP-A4SW","tumor",3.643
"TCGA-MP-A4SY-01A","TCGA-MP-A4SY","tumor",1.2988
"TCGA-MP-A4T4-01A","TCGA-MP-A4T4","tumor",0
"TCGA-MP-A4T6-01A","TCGA-MP-A4T6","tumor",0
"TCGA-MP-A4T7-01A","TCGA-MP-A4T7","tumor",0.4411
"TCGA-MP-A4T8-01A","TCGA-MP-A4T8","tumor",0
"TCGA-MP-A4T9-01A","TCGA-MP-A4T9","tumor",0
"TCGA-MP-A4TA-01A","TCGA-MP-A4TA","tumor",0
"TCGA-MP-A4TC-01A","TCGA-MP-A4TC","tumor",0
"TCGA-MP-A4TD-01A","TCGA-MP-A4TD","tumor",0
"TCGA-MP-A4TE-01A","TCGA-MP-A4TE","tumor",0
"TCGA-MP-A4TF-01A","TCGA-MP-A4TF","tumor",0
"TCGA-MP-A4TH-01A","TCGA-MP-A4TH","tumor",0
"TCGA-MP-A4TI-01A","TCGA-MP-A4TI","tumor",0
"TCGA-MP-A4TJ-01A","TCGA-MP-A4TJ","tumor",120.524
"TCGA-MP-A4TK-01A","TCGA-MP-A4TK","tumor",2.9718
"TCGA-MP-A5C7-01A","TCGA-MP-A5C7","tumor",0.415
"TCGA-NJ-A4YF-01A","TCGA-NJ-A4YF","tumor",0
"TCGA-NJ-A4YG-01A","TCGA-NJ-A4YG","tumor",10.97
"TCGA-NJ-A4YI-01A","TCGA-NJ-A4YI","tumor",0
"TCGA-NJ-A4YP-01A","TCGA-NJ-A4YP","tumor",0
"TCGA-NJ-A4YQ-01A","TCGA-NJ-A4YQ","tumor",0
"TCGA-NJ-A55A-01A","TCGA-NJ-A55A","tumor",1.7484
"TCGA-NJ-A55O-01A","TCGA-NJ-A55O","tumor",0
"TCGA-NJ-A55R-01A","TCGA-NJ-A55R","tumor",8.6502
"TCGA-NJ-A7XG-01A","TCGA-NJ-A7XG","tumor",15.1116
"TCGA-O1-A52J-01A","TCGA-O1-A52J","tumor",0.9569
"TCGA-S2-AA1A-01A","TCGA-S2-AA1A","tumor",0
"TCGA-38-4625-11A","TCGA-38-4625","normal",1.124
"TCGA-38-4626-11A","TCGA-38-4626","normal",0
"TCGA-38-4627-11A","TCGA-38-4627","normal",0.5388
"TCGA-38-4632-11A","TCGA-38-4632","normal",0
"TCGA-44-2655-11A","TCGA-44-2655","normal",0.3082
"TCGA-44-2657-11A","TCGA-44-2657","normal",0
"TCGA-44-2661-11A","TCGA-44-2661","normal",0.4745
"TCGA-44-2662-11A","TCGA-44-2662","normal",0
"TCGA-44-2665-11A","TCGA-44-2665","normal",1.3937
"TCGA-44-2668-11A","TCGA-44-2668","normal",0
"TCGA-44-3396-11A","TCGA-44-3396","normal",0.5923
"TCGA-44-5645-11A","TCGA-44-5645","normal",0.9365
"TCGA-44-6144-11A","TCGA-44-6144","normal",0
"TCGA-44-6145-11A","TCGA-44-6145","normal",0
"TCGA-44-6146-11A","TCGA-44-6146","normal",0.7794
"TCGA-44-6147-11A","TCGA-44-6147","normal",1.1998
"TCGA-44-6148-11A","TCGA-44-6148","normal",1.4124
"TCGA-44-6776-11A","TCGA-44-6776","normal",0.7092
"TCGA-44-6777-11A","TCGA-44-6777","normal",0
"TCGA-44-6778-11A","TCGA-44-6778","normal",1.1792
"TCGA-49-4490-11A","TCGA-49-4490","normal",0
"TCGA-49-4512-11A","TCGA-49-4512","normal",2.5707
"TCGA-49-6742-11A","TCGA-49-6742","normal",0
"TCGA-49-6743-11A","TCGA-49-6743","normal",0
"TCGA-49-6744-11A","TCGA-49-6744","normal",0
"TCGA-49-6745-11A","TCGA-49-6745","normal",0.738
"TCGA-49-6761-11A","TCGA-49-6761","normal",0
"TCGA-50-5930-11A","TCGA-50-5930","normal",0
"TCGA-50-5931-11A","TCGA-50-5931","normal",0
"TCGA-50-5932-11A","TCGA-50-5932","normal",0
"TCGA-50-5933-11A","TCGA-50-5933","normal",0.5683
"TCGA-50-5935-11A","TCGA-50-5935","normal",0.774
"TCGA-50-5936-11A","TCGA-50-5936","normal",0
"TCGA-50-5939-11A","TCGA-50-5939","normal",0
"TCGA-50-6595-11A","TCGA-50-6595","normal",0.3894
"TCGA-55-6968-11A","TCGA-55-6968","normal",0.793
"TCGA-55-6969-11A","TCGA-55-6969","normal",0
"TCGA-55-6970-11A","TCGA-55-6970","normal",0
"TCGA-55-6971-11A","TCGA-55-6971","normal",0.6649
"TCGA-55-6972-11A","TCGA-55-6972","normal",0
"TCGA-55-6975-11A","TCGA-55-6975","normal",0.9001
"TCGA-55-6978-11A","TCGA-55-6978","normal",0
"TCGA-55-6979-11A","TCGA-55-6979","normal",0
"TCGA-55-6980-11A","TCGA-55-6980","normal",1.8674
"TCGA-55-6981-11A","TCGA-55-6981","normal",0
"TCGA-55-6982-11A","TCGA-55-6982","normal",0
"TCGA-55-6983-11A","TCGA-55-6983","normal",0
"TCGA-55-6984-11A","TCGA-55-6984","normal",0
"TCGA-55-6985-11A","TCGA-55-6985","normal",0.7877
"TCGA-55-6986-11A","TCGA-55-6986","normal",0.9259
"TCGA-73-4676-11A","TCGA-73-4676","normal",0
"TCGA-91-6828-11A","TCGA-91-6828","normal",0.6431
"TCGA-91-6829-11A","TCGA-91-6829","normal",0.6817
"TCGA-91-6831-11A","TCGA-91-6831","normal",0
"TCGA-91-6835-11A","TCGA-91-6835","normal",6.263
"TCGA-91-6836-11A","TCGA-91-6836","normal",0
"TCGA-91-6847-11A","TCGA-91-6847","normal",0
"TCGA-91-6849-11A","TCGA-91-6849","normal",1.5527
