"sampleID","patient","type","A1BG"
"TCGA-05-4244-01A","TCGA-05-4244","tumor",26.0302
"TCGA-05-4249-01A","TCGA-05-4249","tumor",120.1349
"TCGA-05-4250-01A","TCGA-05-4250","tumor",50.8597
"TCGA-05-4382-01A","TCGA-05-4382","tumor",145.9037
"TCGA-05-4384-01A","TCGA-05-4384","tumor",127.3671
"TCGA-05-4389-01A","TCGA-05-4389","tumor",67.1409
"TCGA-05-4390-01A","TCGA-05-4390","tumor",164.7134
"TCGA-05-4395-01A","TCGA-05-4395","tumor",21.9745
"TCGA-05-4396-01A","TCGA-05-4396","tumor",17.4375
"TCGA-05-4397-01A","TCGA-05-4397","tumor",126.5687
"TCGA-05-4398-01A","TCGA-05-4398","tumor",258.0731
"TCGA-05-4402-01A","TCGA-05-4402","tumor",48.4589
"TCGA-05-4403-01A","TCGA-05-4403","tumor",64.1674
"TCGA-05-4405-01A","TCGA-05-4405","tumor",146.1301
"TCGA-05-4410-01A","TCGA-05-4410","tumor",79.4037
"TCGA-05-4415-01A","TCGA-05-4415","tumor",31.9422
"TCGA-05-4417-01A","TCGA-05-4417","tumor",85.3059
"TCGA-05-4418-01A","TCGA-05-4418","tumor",161.1566
"TCGA-05-4420-01A","TCGA-05-4420","tumor",404.3334
"TCGA-05-4422-01A","TCGA-05-4422","tumor",129.0715
"TCGA-05-4424-01A","TCGA-05-4424","tumor",257.9695
"TCGA-05-4425-01A","TCGA-05-4425","tumor",47.1125
"TCGA-05-4426-01A","TCGA-05-4426","tumor",307.7644
"TCGA-05-4427-01A","TCGA-05-4427","tumor",96.4783
"TCGA-05-4430-01A","TCGA-05-4430","tumor",403.9809
"TCGA-05-4432-01A","TCGA-05-4432","tumor",136.0485
"TCGA-05-4433-01A","TCGA-05-4433","tumor",27.9669
"TCGA-05-4434-01A","TCGA-05-4434","tumor",101.3226
"TCGA-05-5420-01A","TCGA-05-5420","tumor",303.9139
"TCGA-05-5423-01A","TCGA-05-5423","tumor",709.7143
"TCGA-05-5425-01A","TCGA-05-5425","tumor",157.1776
"TCGA-05-5428-01A","TCGA-05-5428","tumor",1184.7918
"TCGA-05-5429-01A","TCGA-05-5429","tumor",93.5808
"TCGA-05-5715-01A","TCGA-05-5715","tumor",48.4091
"TCGA-35-3615-01A","TCGA-35-3615","tumor",51.9331
"TCGA-35-4122-01A","TCGA-35-4122","tumor",324.4121
"TCGA-35-4123-01A","TCGA-35-4123","tumor",407.0143
"TCGA-35-5375-01A","TCGA-35-5375","tumor",3840.1554
"TCGA-38-4625-01A","TCGA-38-4625","tumor",69.1411
"TCGA-38-4626-01A","TCGA-38-4626","tumor",121.9456
"TCGA-38-4627-01A","TCGA-38-4627","tumor",209.7811
"TCGA-38-4628-01A","TCGA-38-4628","tumor",938.5209
"TCGA-38-4629-01A","TCGA-38-4629","tumor",177.4335
"TCGA-38-4630-01A","TCGA-38-4630","tumor",119.5591
"TCGA-38-4631-01A","TCGA-38-4631","tumor",129.4851
"TCGA-38-4632-01A","TCGA-38-4632","tumor",873.6532
"TCGA-38-6178-01A","TCGA-38-6178","tumor",69.8518
"TCGA-38-7271-01A","TCGA-38-7271","tumor",127.5626
"TCGA-38-A44F-01A","TCGA-38-A44F","tumor",105.8048
"TCGA-44-2655-01A","TCGA-44-2655","tumor",104.752
"TCGA-44-2656-01A","TCGA-44-2656","tumor",45.1701
"TCGA-44-2657-01A","TCGA-44-2657","tumor",312.4899
"TCGA-44-2659-01A","TCGA-44-2659","tumor",82.4158
"TCGA-44-2661-01A","TCGA-44-2661","tumor",188.6359
"TCGA-44-2662-01A","TCGA-44-2662","tumor",84.4097
"TCGA-44-2665-01A","TCGA-44-2665","tumor",124.1888
"TCGA-44-2666-01A","TCGA-44-2666","tumor",20.8862
"TCGA-44-2668-01A","TCGA-44-2668","tumor",57.2201
"TCGA-44-3396-01A","TCGA-44-3396","tumor",192.0318
"TCGA-44-3398-01A","TCGA-44-3398","tumor",193.0321
"TCGA-44-3918-01A","TCGA-44-3918","tumor",320.9344
"TCGA-44-3919-01A","TCGA-44-3919","tumor",157.8016
"TCGA-44-4112-01A","TCGA-44-4112","tumor",281.3695
"TCGA-44-5643-01A","TCGA-44-5643","tumor",21.2282
"TCGA-44-5644-01A","TCGA-44-5644","tumor",130.8994
"TCGA-44-5645-01A","TCGA-44-5645","tumor",42.0711
"TCGA-44-6145-01A","TCGA-44-6145","tumor",54.3272
"TCGA-44-6146-01A","TCGA-44-6146","tumor",8.574
"TCGA-44-6147-01A","TCGA-44-6147","tumor",207.7978
"TCGA-44-6148-01A","TCGA-44-6148","tumor",115.6073
"TCGA-44-6774-01A","TCGA-44-6774","tumor",116.9981
"TCGA-44-6775-01A","TCGA-44-6775","tumor",127.7537
"TCGA-44-6776-01A","TCGA-44-6776","tumor",45.2011
"TCGA-44-6777-01A","TCGA-44-6777","tumor",126.3388
"TCGA-44-6778-01A","TCGA-44-6778","tumor",68.8515
"TCGA-44-6779-01A","TCGA-44-6779","tumor",22.1399
"TCGA-44-7659-01A","TCGA-44-7659","tumor",130.5605
"TCGA-44-7660-01A","TCGA-44-7660","tumor",60.7675
"TCGA-44-7661-01A","TCGA-44-7661","tumor",71.93
"TCGA-44-7662-01A","TCGA-44-7662","tumor",166.7599
"TCGA-44-7667-01A","TCGA-44-7667","tumor",381.5969
"TCGA-44-7669-01A","TCGA-44-7669","tumor",19.1801
"TCGA-44-7670-01A","TCGA-44-7670","tumor",155.335
"TCGA-44-7671-01A","TCGA-44-7671","tumor",37.4762
"TCGA-44-7672-01A","TCGA-44-7672","tumor",74.1898
"TCGA-44-8117-01A","TCGA-44-8117","tumor",243.2404
"TCGA-44-8119-01A","TCGA-44-8119","tumor",143.5576
"TCGA-44-8120-01A","TCGA-44-8120","tumor",167.7516
"TCGA-44-A479-01A","TCGA-44-A479","tumor",51.538
"TCGA-44-A47A-01A","TCGA-44-A47A","tumor",206.6581
"TCGA-44-A47B-01A","TCGA-44-A47B","tumor",27.1294
"TCGA-44-A47G-01A","TCGA-44-A47G","tumor",210.0978
"TCGA-44-A4SS-01A","TCGA-44-A4SS","tumor",50.2337
"TCGA-44-A4SU-01A","TCGA-44-A4SU","tumor",118.0045
"TCGA-49-4486-01A","TCGA-49-4486","tumor",333.471
"TCGA-49-4487-01A","TCGA-49-4487","tumor",121.3142
"TCGA-49-4488-01A","TCGA-49-4488","tumor",313.5865
"TCGA-49-4490-01A","TCGA-49-4490","tumor",148.6755
"TCGA-49-4494-01A","TCGA-49-4494","tumor",78.6541
"TCGA-49-4501-01A","TCGA-49-4501","tumor",374.79
"TCGA-49-4505-01A","TCGA-49-4505","tumor",371.4791
"TCGA-49-4506-01A","TCGA-49-4506","tumor",127.1436
"TCGA-49-4507-01A","TCGA-49-4507","tumor",357.2397
"TCGA-49-4510-01A","TCGA-49-4510","tumor",1021.7241
"TCGA-49-4512-01A","TCGA-49-4512","tumor",259.6695
"TCGA-49-4514-01A","TCGA-49-4514","tumor",45.9064
"TCGA-49-6742-01A","TCGA-49-6742","tumor",38.0313
"TCGA-49-6743-01A","TCGA-49-6743","tumor",228.318
"TCGA-49-6744-01A","TCGA-49-6744","tumor",41.7515
"TCGA-49-6745-01A","TCGA-49-6745","tumor",24.0786
"TCGA-49-6761-01A","TCGA-49-6761","tumor",143.6774
"TCGA-49-6767-01A","TCGA-49-6767","tumor",88.9763
"TCGA-49-AAQV-01A","TCGA-49-AAQV","tumor",251.1024
"TCGA-49-AAR0-01A","TCGA-49-AAR0","tumor",218.5969
"TCGA-49-AAR2-01A","TCGA-49-AAR2","tumor",88.4737
"TCGA-49-AAR3-01A","TCGA-49-AAR3","tumor",157.169
"TCGA-49-AAR4-01A","TCGA-49-AAR4","tumor",431.6078
"TCGA-49-AAR9-01A","TCGA-49-AAR9","tumor",99.9495
"TCGA-49-AARE-01A","TCGA-49-AARE","tumor",62.8584
"TCGA-49-AARN-01A","TCGA-49-AARN","tumor",50.8657
"TCGA-49-AARO-01A","TCGA-49-AARO","tumor",242.0871
"TCGA-49-AARQ-01A","TCGA-49-AARQ","tumor",204.1124
"TCGA-49-AARR-01A","TCGA-49-AARR","tumor",96.4103
"TCGA-4B-A93V-01A","TCGA-4B-A93V","tumor",57.251
"TCGA-50-5044-01A","TCGA-50-5044","tumor",81.8833
"TCGA-50-5045-01A","TCGA-50-5045","tumor",664.0821
"TCGA-50-5049-01A","TCGA-50-5049","tumor",525.3683
"TCGA-50-5051-01A","TCGA-50-5051","tumor",37.1805
"TCGA-50-5055-01A","TCGA-50-5055","tumor",412.7907
"TCGA-50-5066-01A","TCGA-50-5066","tumor",1146.3415
"TCGA-50-5068-01A","TCGA-50-5068","tumor",1216.7723
"TCGA-50-5072-01A","TCGA-50-5072","tumor",54.5035
"TCGA-50-5930-01A","TCGA-50-5930","tumor",162.0224
"TCGA-50-5931-01A","TCGA-50-5931","tumor",67.5505
"TCGA-50-5932-01A","TCGA-50-5932","tumor",19.5761
"TCGA-50-5933-01A","TCGA-50-5933","tumor",33.5702
"TCGA-50-5935-01A","TCGA-50-5935","tumor",38.6503
"TCGA-50-5936-01A","TCGA-50-5936","tumor",70.8333
"TCGA-50-5939-01A","TCGA-50-5939","tumor",81.1972
"TCGA-50-5941-01A","TCGA-50-5941","tumor",89.7436
"TCGA-50-5942-01A","TCGA-50-5942","tumor",24.9331
"TCGA-50-5944-01A","TCGA-50-5944","tumor",21.8631
"TCGA-50-5946-01A","TCGA-50-5946","tumor",184.3069
"TCGA-50-6590-01A","TCGA-50-6590","tumor",139.4783
"TCGA-50-6591-01A","TCGA-50-6591","tumor",206.9295
"TCGA-50-6592-01A","TCGA-50-6592","tumor",61.0446
"TCGA-50-6593-01A","TCGA-50-6593","tumor",325.1956
"TCGA-50-6594-01A","TCGA-50-6594","tumor",328.6197
"TCGA-50-6595-01A","TCGA-50-6595","tumor",84.836
"TCGA-50-6597-01A","TCGA-50-6597","tumor",75.4006
"TCGA-50-6673-01A","TCGA-50-6673","tumor",56.9994
"TCGA-50-7109-01A","TCGA-50-7109","tumor",45.0995
"TCGA-50-8457-01A","TCGA-50-8457","tumor",166.4225
"TCGA-50-8459-01A","TCGA-50-8459","tumor",137.5583
"TCGA-50-8460-01A","TCGA-50-8460","tumor",153.6369
"TCGA-53-7624-01A","TCGA-53-7624","tumor",62.7053
"TCGA-53-7626-01A","TCGA-53-7626","tumor",118.997
"TCGA-53-7813-01A","TCGA-53-7813","tumor",122.3022
"TCGA-53-A4EZ-01A","TCGA-53-A4EZ","tumor",35.1962
"TCGA-55-1592-01A","TCGA-55-1592","tumor",88.0016
"TCGA-55-1594-01A","TCGA-55-1594","tumor",35.9552
"TCGA-55-1595-01A","TCGA-55-1595","tumor",143.679
"TCGA-55-1596-01A","TCGA-55-1596","tumor",27.164
"TCGA-55-5899-01A","TCGA-55-5899","tumor",44.5778
"TCGA-55-6543-01A","TCGA-55-6543","tumor",18.9521
"TCGA-55-6642-01A","TCGA-55-6642","tumor",95.9699
"TCGA-55-6712-01A","TCGA-55-6712","tumor",29.8992
"TCGA-55-6968-01A","TCGA-55-6968","tumor",202.055
"TCGA-55-6969-01A","TCGA-55-6969","tumor",183.513
"TCGA-55-6970-01A","TCGA-55-6970","tumor",80.7645
"TCGA-55-6971-01A","TCGA-55-6971","tumor",83.9303
"TCGA-55-6972-01A","TCGA-55-6972","tumor",359.4863
"TCGA-55-6975-01A","TCGA-55-6975","tumor",79.6312
"TCGA-55-6978-01A","TCGA-55-6978","tumor",54.5498
"TCGA-55-6979-01A","TCGA-55-6979","tumor",73.1611
"TCGA-55-6980-01A","TCGA-55-6980","tumor",158.8152
"TCGA-55-6981-01A","TCGA-55-6981","tumor",41.9737
"TCGA-55-6982-01A","TCGA-55-6982","tumor",163.1712
"TCGA-55-6983-01A","TCGA-55-6983","tumor",64.8333
"TCGA-55-6984-01A","TCGA-55-6984","tumor",29.2505
"TCGA-55-6985-01A","TCGA-55-6985","tumor",242.194
"TCGA-55-6986-01A","TCGA-55-6986","tumor",28.9317
"TCGA-55-6987-01A","TCGA-55-6987","tumor",140.1024
"TCGA-55-7227-01A","TCGA-55-7227","tumor",36.6275
"TCGA-55-7281-01A","TCGA-55-7281","tumor",181.9373
"TCGA-55-7283-01A","TCGA-55-7283","tumor",71.6792
"TCGA-55-7570-01A","TCGA-55-7570","tumor",68.1961
"TCGA-55-7573-01A","TCGA-55-7573","tumor",36.245
"TCGA-55-7574-01A","TCGA-55-7574","tumor",87.311
"TCGA-55-7576-01A","TCGA-55-7576","tumor",135.9453
"TCGA-55-7724-01A","TCGA-55-7724","tumor",13.0261
"TCGA-55-7725-01A","TCGA-55-7725","tumor",6.3025
"TCGA-55-7726-01A","TCGA-55-7726","tumor",28.394
"TCGA-55-7727-01A","TCGA-55-7727","tumor",6.1284
"TCGA-55-7728-01A","TCGA-55-7728","tumor",184.938
"TCGA-55-7815-01A","TCGA-55-7815","tumor",6.012
"TCGA-55-7816-01A","TCGA-55-7816","tumor",15.3548
"TCGA-55-7903-01A","TCGA-55-7903","tumor",138.9586
"TCGA-55-7907-01A","TCGA-55-7907","tumor",235.2541
"TCGA-55-7910-01A","TCGA-55-7910","tumor",42.8056
"TCGA-55-7911-01A","TCGA-55-7911","tumor",26.7794
"TCGA-55-7914-01A","TCGA-55-7914","tumor",44.8526
"TCGA-55-7994-01A","TCGA-55-7994","tumor",25.8418
"TCGA-55-7995-01A","TCGA-55-7995","tumor",31.1507
"TCGA-55-8085-01A","TCGA-55-8085","tumor",165.6924
"TCGA-55-8087-01A","TCGA-55-8087","tumor",300.8796
"TCGA-55-8089-01A","TCGA-55-8089","tumor",69.3515
"TCGA-55-8090-01A","TCGA-55-8090","tumor",134.1685
"TCGA-55-8091-01A","TCGA-55-8091","tumor",85.1205
"TCGA-55-8092-01A","TCGA-55-8092","tumor",80.2665
"TCGA-55-8094-01A","TCGA-55-8094","tumor",137.8215
"TCGA-55-8096-01A","TCGA-55-8096","tumor",215.4007
"TCGA-55-8097-01A","TCGA-55-8097","tumor",174.0693
"TCGA-55-8203-01A","TCGA-55-8203","tumor",57.2884
"TCGA-55-8204-01A","TCGA-55-8204","tumor",68.2135
"TCGA-55-8205-01A","TCGA-55-8205","tumor",22.2758
"TCGA-55-8206-01A","TCGA-55-8206","tumor",64.0254
"TCGA-55-8207-01A","TCGA-55-8207","tumor",77.4791
"TCGA-55-8208-01A","TCGA-55-8208","tumor",52.7695
"TCGA-55-8299-01A","TCGA-55-8299","tumor",75.6582
"TCGA-55-8301-01A","TCGA-55-8301","tumor",131.9011
"TCGA-55-8302-01A","TCGA-55-8302","tumor",178.8343
"TCGA-55-8505-01A","TCGA-55-8505","tumor",93.1939
"TCGA-55-8506-01A","TCGA-55-8506","tumor",43.8626
"TCGA-55-8507-01A","TCGA-55-8507","tumor",302.7056
"TCGA-55-8508-01A","TCGA-55-8508","tumor",282.8824
"TCGA-55-8510-01A","TCGA-55-8510","tumor",275.5018
"TCGA-55-8511-01A","TCGA-55-8511","tumor",167.2105
"TCGA-55-8512-01A","TCGA-55-8512","tumor",72.0631
"TCGA-55-8513-01A","TCGA-55-8513","tumor",100.23
"TCGA-55-8514-01A","TCGA-55-8514","tumor",32.2581
"TCGA-55-8614-01A","TCGA-55-8614","tumor",296.7217
"TCGA-55-8615-01A","TCGA-55-8615","tumor",594.6631
"TCGA-55-8616-01A","TCGA-55-8616","tumor",292.5053
"TCGA-55-8619-01A","TCGA-55-8619","tumor",110.8678
"TCGA-55-8620-01A","TCGA-55-8620","tumor",318.2736
"TCGA-55-8621-01A","TCGA-55-8621","tumor",105.3917
"TCGA-55-A48X-01A","TCGA-55-A48X","tumor",102.5171
"TCGA-55-A48Y-01A","TCGA-55-A48Y","tumor",44.1176
"TCGA-55-A48Z-01A","TCGA-55-A48Z","tumor",372.6141
"TCGA-55-A490-01A","TCGA-55-A490","tumor",289.2104
"TCGA-55-A491-01A","TCGA-55-A491","tumor",156.6014
"TCGA-55-A492-01A","TCGA-55-A492","tumor",277.3915
"TCGA-55-A493-01A","TCGA-55-A493","tumor",36.7451
"TCGA-55-A494-01A","TCGA-55-A494","tumor",379.9567
"TCGA-55-A4DF-01A","TCGA-55-A4DF","tumor",122.8941
"TCGA-55-A4DG-01A","TCGA-55-A4DG","tumor",284.4409
"TCGA-55-A57B-01A","TCGA-55-A57B","tumor",63.9739
"TCGA-62-8394-01A","TCGA-62-8394","tumor",49.3814
"TCGA-62-8395-01A","TCGA-62-8395","tumor",28.8258
"TCGA-62-8397-01A","TCGA-62-8397","tumor",309.0803
"TCGA-62-8398-01A","TCGA-62-8398","tumor",28.1495
"TCGA-62-8399-01A","TCGA-62-8399","tumor",251.7436
"TCGA-62-8402-01A","TCGA-62-8402","tumor",23.0964
"TCGA-62-A46O-01A","TCGA-62-A46O","tumor",17.1628
"TCGA-62-A46P-01A","TCGA-62-A46P","tumor",16.5414
"TCGA-62-A46R-01A","TCGA-62-A46R","tumor",46.02
"TCGA-62-A46S-01A","TCGA-62-A46S","tumor",48.5651
"TCGA-62-A46U-01A","TCGA-62-A46U","tumor",42.7867
"TCGA-62-A46V-01A","TCGA-62-A46V","tumor",176.9082
"TCGA-62-A46Y-01A","TCGA-62-A46Y","tumor",283.5388
"TCGA-62-A470-01A","TCGA-62-A470","tumor",46.798
"TCGA-62-A471-01A","TCGA-62-A471","tumor",33.6471
"TCGA-62-A472-01A","TCGA-62-A472","tumor",148.417
"TCGA-64-1676-01A","TCGA-64-1676","tumor",947.4151
"TCGA-64-1677-01A","TCGA-64-1677","tumor",255.9737
"TCGA-64-1678-01A","TCGA-64-1678","tumor",586.2796
"TCGA-64-1679-01A","TCGA-64-1679","tumor",174.1642
"TCGA-64-1680-01A","TCGA-64-1680","tumor",355.0075
"TCGA-64-1681-01A","TCGA-64-1681","tumor",32.3448
"TCGA-64-5774-01A","TCGA-64-5774","tumor",27.1455
"TCGA-64-5775-01A","TCGA-64-5775","tumor",13.9233
"TCGA-64-5778-01A","TCGA-64-5778","tumor",981.3116
"TCGA-64-5779-01A","TCGA-64-5779","tumor",285.9984
"TCGA-64-5781-01A","TCGA-64-5781","tumor",173.6334
"TCGA-64-5815-01A","TCGA-64-5815","tumor",92.498
"TCGA-67-3770-01A","TCGA-67-3770","tumor",790.3477
"TCGA-67-3771-01A","TCGA-67-3771","tumor",330.0782
"TCGA-67-3772-01A","TCGA-67-3772","tumor",187.2425
"TCGA-67-3773-01A","TCGA-67-3773","tumor",88.3864
"TCGA-67-3774-01A","TCGA-67-3774","tumor",45.7353
"TCGA-67-6215-01A","TCGA-67-6215","tumor",16.8187
"TCGA-67-6216-01A","TCGA-67-6216","tumor",39.4165
"TCGA-67-6217-01A","TCGA-67-6217","tumor",64.1288
"TCGA-69-7760-01A","TCGA-69-7760","tumor",8.7445
"TCGA-69-7761-01A","TCGA-69-7761","tumor",42.0507
"TCGA-69-7763-01A","TCGA-69-7763","tumor",30.6251
"TCGA-69-7764-01A","TCGA-69-7764","tumor",33.2626
"TCGA-69-7765-01A","TCGA-69-7765","tumor",40.4682
"TCGA-69-7973-01A","TCGA-69-7973","tumor",38.1858
"TCGA-69-7974-01A","TCGA-69-7974","tumor",119.5082
"TCGA-69-7978-01A","TCGA-69-7978","tumor",60.1547
"TCGA-69-7979-01A","TCGA-69-7979","tumor",728.9823
"TCGA-69-7980-01A","TCGA-69-7980","tumor",154.721
"TCGA-69-8253-01A","TCGA-69-8253","tumor",25.434
"TCGA-69-8254-01A","TCGA-69-8254","tumor",38.6343
"TCGA-69-8255-01A","TCGA-69-8255","tumor",75.0347
"TCGA-69-8453-01A","TCGA-69-8453","tumor",73.5867
"TCGA-69-A59K-01A","TCGA-69-A59K","tumor",214.1943
"TCGA-71-6725-01A","TCGA-71-6725","tumor",142.8672
"TCGA-71-8520-01A","TCGA-71-8520","tumor",44.7075
"TCGA-73-4658-01A","TCGA-73-4658","tumor",334.3901
"TCGA-73-4659-01A","TCGA-73-4659","tumor",44.2722
"TCGA-73-4662-01A","TCGA-73-4662","tumor",52.4058
"TCGA-73-4666-01A","TCGA-73-4666","tumor",29.4209
"TCGA-73-4668-01A","TCGA-73-4668","tumor",169.2915
"TCGA-73-4670-01A","TCGA-73-4670","tumor",59.5763
"TCGA-73-4675-01A","TCGA-73-4675","tumor",74.2565
"TCGA-73-4676-01A","TCGA-73-4676","tumor",33.6464
"TCGA-73-4677-01A","TCGA-73-4677","tumor",92.918
"TCGA-73-7498-01A","TCGA-73-7498","tumor",37.607
"TCGA-73-7499-01A","TCGA-73-7499","tumor",191.1155
"TCGA-73-A9RS-01A","TCGA-73-A9RS","tumor",190.8891
"TCGA-75-5122-01A","TCGA-75-5122","tumor",71.4872
"TCGA-75-5125-01A","TCGA-75-5125","tumor",23.4691
"TCGA-75-5126-01A","TCGA-75-5126","tumor",59.9841
"TCGA-75-5146-01A","TCGA-75-5146","tumor",70.815
"TCGA-75-5147-01A","TCGA-75-5147","tumor",242.1852
"TCGA-75-6203-01A","TCGA-75-6203","tumor",61.2105
"TCGA-75-6205-01A","TCGA-75-6205","tumor",50.0593
"TCGA-75-6206-01A","TCGA-75-6206","tumor",18.2819
"TCGA-75-6207-01A","TCGA-75-6207","tumor",25.2484
"TCGA-75-6211-01A","TCGA-75-6211","tumor",57.5477
"TCGA-75-6212-01A","TCGA-75-6212","tumor",86.3238
"TCGA-75-6214-01A","TCGA-75-6214","tumor",81.5732
"TCGA-75-7025-01A","TCGA-75-7025","tumor",45.2156
"TCGA-75-7027-01A","TCGA-75-7027","tumor",37.7591
"TCGA-75-7030-01A","TCGA-75-7030","tumor",113.0312
"TCGA-75-7031-01A","TCGA-75-7031","tumor",17.2043
"TCGA-78-7143-01A","TCGA-78-7143","tumor",102.8983
"TCGA-78-7145-01A","TCGA-78-7145","tumor",150.659
"TCGA-78-7146-01A","TCGA-78-7146","tumor",57.4279
"TCGA-78-7147-01A","TCGA-78-7147","tumor",94.4044
"TCGA-78-7148-01A","TCGA-78-7148","tumor",19.1438
"TCGA-78-7149-01A","TCGA-78-7149","tumor",257.6399
"TCGA-78-7150-01A","TCGA-78-7150","tumor",36.1446
"TCGA-78-7152-01A","TCGA-78-7152","tumor",150.6592
"TCGA-78-7153-01A","TCGA-78-7153","tumor",35.5236
"TCGA-78-7154-01A","TCGA-78-7154","tumor",56.9966
"TCGA-78-7155-01A","TCGA-78-7155","tumor",146.3368
"TCGA-78-7156-01A","TCGA-78-7156","tumor",55.2239
"TCGA-78-7158-01A","TCGA-78-7158","tumor",38.4149
"TCGA-78-7159-01A","TCGA-78-7159","tumor",317.0303
"TCGA-78-7160-01A","TCGA-78-7160","tumor",39.3123
"TCGA-78-7161-01A","TCGA-78-7161","tumor",97.35
"TCGA-78-7162-01A","TCGA-78-7162","tumor",76.03
"TCGA-78-7163-01A","TCGA-78-7163","tumor",2.3966
"TCGA-78-7166-01A","TCGA-78-7166","tumor",102.8132
"TCGA-78-7167-01A","TCGA-78-7167","tumor",220.4517
"TCGA-78-7220-01A","TCGA-78-7220","tumor",10.1609
"TCGA-78-7535-01A","TCGA-78-7535","tumor",518.85
"TCGA-78-7536-01A","TCGA-78-7536","tumor",137.7303
"TCGA-78-7537-01A","TCGA-78-7537","tumor",74.0335
"TCGA-78-7539-01A","TCGA-78-7539","tumor",120.8748
"TCGA-78-7540-01A","TCGA-78-7540","tumor",24.4673
"TCGA-78-7542-01A","TCGA-78-7542","tumor",24.1344
"TCGA-78-7633-01A","TCGA-78-7633","tumor",87.5068
"TCGA-78-8640-01A","TCGA-78-8640","tumor",103.2414
"TCGA-78-8648-01A","TCGA-78-8648","tumor",213.0023
"TCGA-78-8655-01A","TCGA-78-8655","tumor",168.8347
"TCGA-78-8660-01A","TCGA-78-8660","tumor",412.007
"TCGA-78-8662-01A","TCGA-78-8662","tumor",576.3203
"TCGA-80-5607-01A","TCGA-80-5607","tumor",25.2238
"TCGA-80-5608-01A","TCGA-80-5608","tumor",36.5282
"TCGA-80-5611-01A","TCGA-80-5611","tumor",207.8986
"TCGA-83-5908-01A","TCGA-83-5908","tumor",28.543
"TCGA-86-6562-01A","TCGA-86-6562","tumor",166.4103
"TCGA-86-6851-01A","TCGA-86-6851","tumor",92.814
"TCGA-86-7701-01A","TCGA-86-7701","tumor",59.0095
"TCGA-86-7711-01A","TCGA-86-7711","tumor",245.1795
"TCGA-86-7713-01A","TCGA-86-7713","tumor",89.8936
"TCGA-86-7714-01A","TCGA-86-7714","tumor",16.6165
"TCGA-86-7953-01A","TCGA-86-7953","tumor",32.4219
"TCGA-86-7954-01A","TCGA-86-7954","tumor",72.0398
"TCGA-86-7955-01A","TCGA-86-7955","tumor",68.3817
"TCGA-86-8054-01A","TCGA-86-8054","tumor",20.9808
"TCGA-86-8055-01A","TCGA-86-8055","tumor",68.937
"TCGA-86-8056-01A","TCGA-86-8056","tumor",36.643
"TCGA-86-8073-01A","TCGA-86-8073","tumor",99.9141
"TCGA-86-8074-01A","TCGA-86-8074","tumor",52.584
"TCGA-86-8075-01A","TCGA-86-8075","tumor",80.4514
"TCGA-86-8076-01A","TCGA-86-8076","tumor",102.5258
"TCGA-86-8278-01A","TCGA-86-8278","tumor",39.7563
"TCGA-86-8279-01A","TCGA-86-8279","tumor",207.7719
"TCGA-86-8280-01A","TCGA-86-8280","tumor",110.8433
"TCGA-86-8281-01A","TCGA-86-8281","tumor",84.6797
"TCGA-86-8358-01A","TCGA-86-8358","tumor",109.4933
"TCGA-86-8359-01A","TCGA-86-8359","tumor",534.5383
"TCGA-86-8585-01A","TCGA-86-8585","tumor",93.7393
"TCGA-86-8668-01A","TCGA-86-8668","tumor",79.7842
"TCGA-86-8669-01A","TCGA-86-8669","tumor",32.0479
"TCGA-86-8671-01A","TCGA-86-8671","tumor",290.2659
"TCGA-86-8672-01A","TCGA-86-8672","tumor",250.0347
"TCGA-86-8673-01A","TCGA-86-8673","tumor",464.4054
"TCGA-86-8674-01A","TCGA-86-8674","tumor",34.2889
"TCGA-86-A456-01A","TCGA-86-A456","tumor",164.501
"TCGA-86-A4D0-01A","TCGA-86-A4D0","tumor",14.4253
"TCGA-86-A4JF-01A","TCGA-86-A4JF","tumor",176.2489
"TCGA-86-A4P7-01A","TCGA-86-A4P7","tumor",86.1148
"TCGA-86-A4P8-01A","TCGA-86-A4P8","tumor",110.6153
"TCGA-91-6828-01A","TCGA-91-6828","tumor",20.8249
"TCGA-91-6829-01A","TCGA-91-6829","tumor",79.7212
"TCGA-91-6830-01A","TCGA-91-6830","tumor",55.1724
"TCGA-91-6831-01A","TCGA-91-6831","tumor",177.4339
"TCGA-91-6835-01A","TCGA-91-6835","tumor",46.7404
"TCGA-91-6836-01A","TCGA-91-6836","tumor",13.3436
"TCGA-91-6840-01A","TCGA-91-6840","tumor",156.2536
"TCGA-91-6847-01A","TCGA-91-6847","tumor",91.6895
"TCGA-91-6848-01A","TCGA-91-6848","tumor",74.5351
"TCGA-91-6849-01A","TCGA-91-6849","tumor",27.0634
"TCGA-91-7771-01A","TCGA-91-7771","tumor",125.7143
"TCGA-91-8496-01A","TCGA-91-8496","tumor",112.2893
"TCGA-91-8497-01A","TCGA-91-8497","tumor",115.3732
"TCGA-91-8499-01A","TCGA-91-8499","tumor",194.3051
"TCGA-91-A4BC-01A","TCGA-91-A4BC","tumor",214.3538
"TCGA-91-A4BD-01A","TCGA-91-A4BD","tumor",198.8831
"TCGA-93-7347-01A","TCGA-93-7347","tumor",430.6915
"TCGA-93-7348-01A","TCGA-93-7348","tumor",62.8682
"TCGA-93-8067-01A","TCGA-93-8067","tumor",25.2567
"TCGA-93-A4JN-01A","TCGA-93-A4JN","tumor",149.4181
"TCGA-93-A4JO-01A","TCGA-93-A4JO","tumor",176.2134
"TCGA-93-A4JP-01A","TCGA-93-A4JP","tumor",36.8012
"TCGA-93-A4JQ-01A","TCGA-93-A4JQ","tumor",215.4272
"TCGA-95-7039-01A","TCGA-95-7039","tumor",276.5
"TCGA-95-7043-01A","TCGA-95-7043","tumor",7.8385
"TCGA-95-7562-01A","TCGA-95-7562","tumor",30.0718
"TCGA-95-7567-01A","TCGA-95-7567","tumor",37.3699
"TCGA-95-7944-01A","TCGA-95-7944","tumor",64.3302
"TCGA-95-7947-01A","TCGA-95-7947","tumor",27.1948
"TCGA-95-7948-01A","TCGA-95-7948","tumor",47.6974
"TCGA-95-8039-01A","TCGA-95-8039","tumor",49.3256
"TCGA-95-8494-01A","TCGA-95-8494","tumor",30.5226
"TCGA-95-A4VK-01A","TCGA-95-A4VK","tumor",67.838
"TCGA-95-A4VN-01A","TCGA-95-A4VN","tumor",64.2195
"TCGA-95-A4VP-01A","TCGA-95-A4VP","tumor",111.4087
"TCGA-97-7546-01A","TCGA-97-7546","tumor",69.3111
"TCGA-97-7547-01A","TCGA-97-7547","tumor",57.7306
"TCGA-97-7552-01A","TCGA-97-7552","tumor",53.5952
"TCGA-97-7553-01A","TCGA-97-7553","tumor",34.3779
"TCGA-97-7554-01A","TCGA-97-7554","tumor",178.2841
"TCGA-97-7937-01A","TCGA-97-7937","tumor",28.1237
"TCGA-97-7938-01A","TCGA-97-7938","tumor",166.2356
"TCGA-97-7941-01A","TCGA-97-7941","tumor",65.9376
"TCGA-97-8171-01A","TCGA-97-8171","tumor",8.4258
"TCGA-97-8172-01A","TCGA-97-8172","tumor",100.6827
"TCGA-97-8174-01A","TCGA-97-8174","tumor",134.5288
"TCGA-97-8175-01A","TCGA-97-8175","tumor",271.1304
"TCGA-97-8176-01A","TCGA-97-8176","tumor",48.1225
"TCGA-97-8177-01A","TCGA-97-8177","tumor",171.0508
"TCGA-97-8179-01A","TCGA-97-8179","tumor",57.4001
"TCGA-97-8547-01A","TCGA-97-8547","tumor",113.2649
"TCGA-97-8552-01A","TCGA-97-8552","tumor",296.9756
"TCGA-97-A4LX-01A","TCGA-97-A4LX","tumor",156.0802
"TCGA-97-A4M0-01A","TCGA-97-A4M0","tumor",71.7929
"TCGA-97-A4M1-01A","TCGA-97-A4M1","tumor",69.2952
"TCGA-97-A4M2-01A","TCGA-97-A4M2","tumor",207.7726
"TCGA-97-A4M3-01A","TCGA-97-A4M3","tumor",115.2453
"TCGA-97-A4M5-01A","TCGA-97-A4M5","tumor",42.6759
"TCGA-97-A4M6-01A","TCGA-97-A4M6","tumor",39.2005
"TCGA-97-A4M7-01A","TCGA-97-A4M7","tumor",74.7443
"TCGA-99-7458-01A","TCGA-99-7458","tumor",103.1267
"TCGA-99-8025-01A","TCGA-99-8025","tumor",347.6974
"TCGA-99-8028-01A","TCGA-99-8028","tumor",323.2587
"TCGA-99-8032-01A","TCGA-99-8032","tumor",98.4688
"TCGA-99-8033-01A","TCGA-99-8033","tumor",60.3047
"TCGA-99-AA5R-01A","TCGA-99-AA5R","tumor",212.3453
"TCGA-J2-8192-01A","TCGA-J2-8192","tumor",60.5462
"TCGA-J2-8194-01A","TCGA-J2-8194","tumor",136.2669
"TCGA-J2-A4AD-01A","TCGA-J2-A4AD","tumor",206.8331
"TCGA-J2-A4AE-01A","TCGA-J2-A4AE","tumor",67.2636
"TCGA-J2-A4AG-01A","TCGA-J2-A4AG","tumor",147.5616
"TCGA-L4-A4E5-01A","TCGA-L4-A4E5","tumor",226.2253
"TCGA-L4-A4E6-01A","TCGA-L4-A4E6","tumor",150.9005
"TCGA-L9-A443-01A","TCGA-L9-A443","tumor",285.9076
"TCGA-L9-A444-01A","TCGA-L9-A444","tumor",715.7251
"TCGA-L9-A50W-01A","TCGA-L9-A50W","tumor",61.1448
"TCGA-L9-A5IP-01A","TCGA-L9-A5IP","tumor",51.3409
"TCGA-L9-A743-01A","TCGA-L9-A743","tumor",181.6478
"TCGA-L9-A7SV-01A","TCGA-L9-A7SV","tumor",189.2946
"TCGA-L9-A8F4-01A","TCGA-L9-A8F4","tumor",265.2906
"TCGA-MN-A4N1-01A","TCGA-MN-A4N1","tumor",680.9723
"TCGA-MN-A4N4-01A","TCGA-MN-A4N4","tumor",343.3507
"TCGA-MN-A4N5-01A","TCGA-MN-A4N5","tumor",353.1575
"TCGA-MP-A4SV-01A","TCGA-MP-A4SV","tumor",64.5661
"TCGA-MP-A4SW-01A","TCGA-MP-A4SW","tumor",144.622
"TCGA-MP-A4SY-01A","TCGA-MP-A4SY","tumor",58.8219
"TCGA-MP-A4T4-01A","TCGA-MP-A4T4","tumor",213.0691
"TCGA-MP-A4T6-01A","TCGA-MP-A4T6","tumor",371.1107
"TCGA-MP-A4T7-01A","TCGA-MP-A4T7","tumor",50.6928
"TCGA-MP-A4T8-01A","TCGA-MP-A4T8","tumor",25.5538
"TCGA-MP-A4T9-01A","TCGA-MP-A4T9","tumor",55.7547
"TCGA-MP-A4TA-01A","TCGA-MP-A4TA","tumor",87.6606
"TCGA-MP-A4TC-01A","TCGA-MP-A4TC","tumor",466.1692
"TCGA-MP-A4TD-01A","TCGA-MP-A4TD","tumor",104.5934
"TCGA-MP-A4TE-01A","TCGA-MP-A4TE","tumor",531.326
"TCGA-MP-A4TF-01A","TCGA-MP-A4TF","tumor",36.7047
"TCGA-MP-A4TH-01A","TCGA-MP-A4TH","tumor",71.9188
"TCGA-MP-A4TI-01A","TCGA-MP-A4TI","tumor",65.171
"TCGA-MP-A4TJ-01A","TCGA-MP-A4TJ","tumor",104.6463
"TCGA-MP-A4TK-01A","TCGA-MP-A4TK","tumor",180.6389
"TCGA-MP-A5C7-01A","TCGA-MP-A5C7","tumor",117.037
"TCGA-NJ-A4YF-01A","TCGA-NJ-A4YF","tumor",395.5043
"TCGA-NJ-A4YG-01A","TCGA-NJ-A4YG","tumor",190.3868
"TCGA-NJ-A4YI-01A","TCGA-NJ-A4YI","tumor",345.6395
"TCGA-NJ-A4YP-01A","TCGA-NJ-A4YP","tumor",72.533
"TCGA-NJ-A4YQ-01A","TCGA-NJ-A4YQ","tumor",165.6874
"TCGA-NJ-A55A-01A","TCGA-NJ-A55A","tumor",99.4055
"TCGA-NJ-A55O-01A","TCGA-NJ-A55O","tumor",42.007
"TCGA-NJ-A55R-01A","TCGA-NJ-A55R","tumor",273.9088
"TCGA-NJ-A7XG-01A","TCGA-NJ-A7XG","tumor",245.9714
"TCGA-O1-A52J-01A","TCGA-O1-A52J","tumor",209.4211
"TCGA-S2-AA1A-01A","TCGA-S2-AA1A","tumor",114.5543
"TCGA-38-4625-11A","TCGA-38-4625","normal",237.2049
"TCGA-38-4626-11A","TCGA-38-4626","normal",243.9686
"TCGA-38-4627-11A","TCGA-38-4627","normal",368.0002
"TCGA-38-4632-11A","TCGA-38-4632","normal",95.3978
"TCGA-44-2655-11A","TCGA-44-2655","normal",86.1017
"TCGA-44-2657-11A","TCGA-44-2657","normal",138.7365
"TCGA-44-2661-11A","TCGA-44-2661","normal",74.253
"TCGA-44-2662-11A","TCGA-44-2662","normal",51.2577
"TCGA-44-2665-11A","TCGA-44-2665","normal",103.77
"TCGA-44-2668-11A","TCGA-44-2668","normal",99.6544
"TCGA-44-3396-11A","TCGA-44-3396","normal",104.7258
"TCGA-44-5645-11A","TCGA-44-5645","normal",101.0864
"TCGA-44-6144-11A","TCGA-44-6144","normal",105.3009
"TCGA-44-6145-11A","TCGA-44-6145","normal",83.4694
"TCGA-44-6146-11A","TCGA-44-6146","normal",28.0592
"TCGA-44-6147-11A","TCGA-44-6147","normal",76.8026
"TCGA-44-6148-11A","TCGA-44-6148","normal",58.2533
"TCGA-44-6776-11A","TCGA-44-6776","normal",47.3475
"TCGA-44-6777-11A","TCGA-44-6777","normal",103.5626
"TCGA-44-6778-11A","TCGA-44-6778","normal",55
"TCGA-49-4490-11A","TCGA-49-4490","normal",115.9594
"TCGA-49-4512-11A","TCGA-49-4512","normal",126.8209
"TCGA-49-6742-11A","TCGA-49-6742","normal",72.5908
"TCGA-49-6743-11A","TCGA-49-6743","normal",80.2591
"TCGA-49-6744-11A","TCGA-49-6744","normal",34.3276
"TCGA-49-6745-11A","TCGA-49-6745","normal",146.8635
"TCGA-49-6761-11A","TCGA-49-6761","normal",71.5768
"TCGA-50-5930-11A","TCGA-50-5930","normal",84.4799
"TCGA-50-5931-11A","TCGA-50-5931","normal",73.6252
"TCGA-50-5932-11A","TCGA-50-5932","normal",48.7013
"TCGA-50-5933-11A","TCGA-50-5933","normal",65.7423
"TCGA-50-5935-11A","TCGA-50-5935","normal",64.8762
"TCGA-50-5936-11A","TCGA-50-5936","normal",65.7557
"TCGA-50-5939-11A","TCGA-50-5939","normal",51.7594
"TCGA-50-6595-11A","TCGA-50-6595","normal",71.5654
"TCGA-55-6968-11A","TCGA-55-6968","normal",141.023
"TCGA-55-6969-11A","TCGA-55-6969","normal",133.4576
"TCGA-55-6970-11A","TCGA-55-6970","normal",75.2861
"TCGA-55-6971-11A","TCGA-55-6971","normal",56.2633
"TCGA-55-6972-11A","TCGA-55-6972","normal",74.1811
"TCGA-55-6975-11A","TCGA-55-6975","normal",81.5932
"TCGA-55-6978-11A","TCGA-55-6978","normal",97.5885
"TCGA-55-6979-11A","TCGA-55-6979","normal",58.0935
"TCGA-55-6980-11A","TCGA-55-6980","normal",80.7096
"TCGA-55-6981-11A","TCGA-55-6981","normal",93.3811
"TCGA-55-6982-11A","TCGA-55-6982","normal",92.7138
"TCGA-55-6983-11A","TCGA-55-6983","normal",53.7728
"TCGA-55-6984-11A","TCGA-55-6984","normal",127.2334
"TCGA-55-6985-11A","TCGA-55-6985","normal",115.1438
"TCGA-55-6986-11A","TCGA-55-6986","normal",120.9846
"TCGA-73-4676-11A","TCGA-73-4676","normal",138.2039
"TCGA-91-6828-11A","TCGA-91-6828","normal",49.5563
"TCGA-91-6829-11A","TCGA-91-6829","normal",177.9141
"TCGA-91-6831-11A","TCGA-91-6831","normal",62.9634
"TCGA-91-6835-11A","TCGA-91-6835","normal",76.7722
"TCGA-91-6836-11A","TCGA-91-6836","normal",79.8192
"TCGA-91-6847-11A","TCGA-91-6847","normal",67.6923
"TCGA-91-6849-11A","TCGA-91-6849","normal",68.8167
